timestamp,id,event_sequence,arguments[0],arguments[1],arguments[2],arguments[3],arguments[4],arguments[5],arguments[6],arguments[7],arguments[8],arguments[9],arguments[10],arguments[11],arguments[12],arguments[13],arguments[14],arguments[15],arguments[16],arguments[17],arguments[18],arguments[19],arguments[20],arguments[21],arguments[22],arguments[23],arguments[24],log_levels
602918960,26266355,280,1,0,0,0,0,0,0,0,0,0,0,0,0,0,0,0,0,0,0,0,0,0,0,0,0,102
602925462,17980399,281,232,7,8,23,9,0,22,0,0,0,0,0,0,0,0,0,0,0,0,0,0,0,0,0,0,102
603129706,27825120,282,0,0,0,2,0,0,0,0,0,193,47,129,255,247,255,255,255,0,0,0,0,0,0,0,0,136
603129715,20390844,283,62,208,126,0,17,2,184,195,188,190,154,153,153,62,13,8,139,61,0,0,0,0,0,0,0,51
603130366,17154777,284,8,0,0,0,20,0,0,0,0,0,0,0,0,0,0,0,0,0,0,0,0,0,0,0,0,102
603130373,18691879,285,0,138,24,2,40,0,0,0,0,0,0,0,0,0,0,0,0,0,0,0,0,0,0,0,0,136
605483911,21054825,286,0,0,0,0,0,0,0,0,0,0,0,0,0,0,0,0,0,0,0,0,0,0,0,0,0,102
609661937,27825120,287,0,0,0,2,0,0,0,0,0,0,0,0,0,247,255,255,255,0,0,0,0,0,0,0,0,136
609661946,20380425,288,255,255,255,255,17,0,0,0,0,0,0,0,0,0,0,0,0,0,0,0,0,0,0,0,0,34
609661953,20390844,289,62,208,126,0,17,2,101,225,204,190,154,153,153,62,234,42,137,61,0,0,0,0,0,0,0,51
609661960,17154777,290,8,0,0,0,20,0,0,0,0,0,0,0,0,0,0,0,0,0,0,0,0,0,0,0,0,102
609661967,18691879,291,0,138,24,2,40,0,0,0,0,0,0,0,0,0,0,0,0,0,0,0,0,0,0,0,0,136
617455533,27825120,292,0,0,0,2,0,0,0,0,0,0,0,0,0,247,255,255,255,0,0,0,0,0,0,0,0,136
617455543,20380425,293,255,255,255,255,17,0,0,0,0,0,0,0,0,0,0,0,0,0,0,0,0,0,0,0,0,34
617455550,17154777,294,8,0,0,0,20,0,0,0,0,0,0,0,0,0,0,0,0,0,0,0,0,0,0,0,0,102
617455557,18691879,295,0,138,24,2,40,0,0,0,0,0,0,0,0,0,0,0,0,0,0,0,0,0,0,0,0,136
653576370,27825120,296,0,0,0,2,0,0,0,0,0,0,0,0,0,247,255,255,255,0,0,0,0,0,0,0,0,136
653576379,20380425,297,255,255,255,255,17,0,0,0,0,0,0,0,0,0,0,0,0,0,0,0,0,0,0,0,0,34
653576387,20390844,298,62,208,126,0,17,2,193,75,188,190,154,153,153,62,173,46,137,61,0,0,0,0,0,0,0,51
653576394,17154777,299,8,0,0,0,20,0,0,0,0,0,0,0,0,0,0,0,0,0,0,0,0,0,0,0,0,102
653576401,18691879,300,0,138,24,2,40,0,0,0,0,0,0,0,0,0,0,0,0,0,0,0,0,0,0,0,0,136
655651249,27825120,301,0,0,0,2,0,0,0,0,0,0,0,0,0,247,255,255,255,0,0,0,0,0,0,0,0,136
655651258,20380425,302,255,255,255,255,17,0,0,0,0,0,0,0,0,0,0,0,0,0,0,0,0,0,0,0,0,34
655651266,17154777,303,8,0,0,0,20,0,0,0,0,0,0,0,0,0,0,0,0,0,0,0,0,0,0,0,0,102
655651272,18691879,304,0,138,24,2,40,0,0,0,0,0,0,0,0,0,0,0,0,0,0,0,0,0,0,0,0,136
656922315,32794487,305,1,0,0,0,0,0,0,0,0,0,0,0,0,0,0,0,0,0,0,0,0,0,0,0,0,102
