timestamp,timestamp_sample,position_drift_rate_horizontal_m_s,position_drift_rate_vertical_m_s,filtered_horizontal_speed_m_s,checks_passed,check_fail_gps_fix,check_fail_min_sat_count,check_fail_max_pdop,check_fail_max_horz_err,check_fail_max_vert_err,check_fail_max_spd_err,check_fail_max_horz_drift,check_fail_max_vert_drift,check_fail_max_horz_spd_err,check_fail_max_vert_spd_err
564911381,564787270,0.01432196,0.046642944,0.0011080278,1,0,0,0,0,0,0,0,0,0,0
564980304,564857788,0.013726219,0.04581397,0.0010718524,1,0,0,0,0,0,0,0,0,0,0
565098854,564977900,0.01356135,0.04356374,0.0013143297,1,0,0,0,0,0,0,0,0,0,0
565266521,565145754,nan,nan,nan,1,0,0,0,0,0,0,0,0,0,0
565356518,565230878,nan,nan,nan,1,0,0,0,0,0,0,0,0,0,0
565483846,565360844,nan,nan,nan,1,0,0,0,0,0,0,0,0,0,0
565602511,565482756,nan,nan,nan,1,0,0,0,0,0,0,0,0,0,0
565731352,565606758,nan,nan,nan,1,0,0,0,0,0,0,0,0,0,0
565850731,565729120,nan,nan,nan,1,0,0,0,0,0,0,0,0,0,0
565978248,565854796,nan,nan,nan,1,0,0,0,0,0,0,0,0,0,0
566118754,565993018,nan,nan,nan,1,0,0,0,0,0,0,0,0,0,0
566274822,566157034,0.0011119493,0.00020008197,0.0003475437,1,0,0,0,0,0,0,0,0,0,0
566354203,566236732,0.0011030873,0.00059848843,0.0004614097,1,0,0,0,0,0,0,0,0,0,0
566482678,566365002,0.0010889381,0.00059084175,0.0003255631,1,0,0,0,0,0,0,0,0,0,0
566612000,566490718,0.0010752485,0.0018834441,0.00057641725,1,0,0,0,0,0,0,0,0,0,0
566739373,566616898,0.0012031733,0.0032596604,0.00033684136,1,0,0,0,0,0,0,0,0,0,0
566859628,566737738,0.0021608116,0.002020258,0.00024256209,1,0,0,0,0,0,0,0,0,0,0
566978733,566857728,0.0022103938,0.0027961081,0.00040346986,1,0,0,0,0,0,0,0,0,0,0
567114904,566989946,0.0021066468,0.003659097,0.0002684763,1,0,0,0,0,0,0,0,0,0,0
567264665,567144126,nan,nan,nan,1,0,0,0,0,0,0,0,0,0,0
567362364,567238704,nan,nan,nan,1,0,0,0,0,0,0,0,0,0,0
567481374,567358718,nan,nan,nan,1,0,0,0,0,0,0,0,0,0,0
567611017,567488848,nan,nan,nan,1,0,0,0,0,0,0,0,0,0,0
567737912,567618756,nan,nan,nan,1,0,0,0,0,0,0,0,0,0,0
567866240,567741400,nan,nan,nan,1,0,0,0,0,0,0,0,0,0,0
567975405,567855458,nan,nan,nan,1,0,0,0,0,0,0,0,0,0,0
568113855,567990836,nan,nan,nan,1,0,0,0,0,0,0,0,0,0,0
568282033,568157648,nan,nan,nan,1,0,0,0,0,0,0,0,0,0,0
568362825,568241772,nan,nan,nan,1,0,0,0,0,0,0,0,0,0,0
568481505,568356246,nan,nan,nan,1,0,0,0,0,0,0,0,0,0,0
568607586,568490774,nan,nan,nan,1,0,0,0,0,0,0,0,0,0,0
568737274,568617386,nan,nan,nan,1,0,0,0,0,0,0,0,0,0,0
568864604,568740094,nan,nan,nan,1,0,0,0,0,0,0,0,0,0,0
568974750,568854802,nan,nan,nan,1,0,0,0,0,0,0,0,0,0,0
569114114,568991720,nan,nan,nan,1,0,0,0,0,0,0,0,0,0,0
569270163,569148894,nan,nan,nan,1,0,0,0,0,0,0,0,0,0,0
569359340,569238750,nan,nan,nan,1,0,0,0,0,0,0,0,0,0,0
569478691,569358622,nan,nan,nan,1,0,0,0,0,0,0,0,0,0,0
569606103,569486328,nan,nan,nan,1,0,0,0,0,0,0,0,0,0,0
569735356,569616724,nan,nan,nan,1,0,0,0,0,0,0,0,0,0,0
569864612,569739600,nan,nan,nan,1,0,0,0,0,0,0,0,0,0,0
569981583,569856942,nan,nan,nan,1,0,0,0,0,0,0,0,0,0,0
570110066,569993720,nan,nan,nan,1,0,0,0,0,0,0,0,0,0,0
570279584,570160808,nan,nan,nan,1,0,0,0,0,0,0,0,0,0,0
570357234,570237728,nan,nan,nan,1,0,0,0,0,0,0,0,0,0,0
570486386,570360652,nan,nan,nan,1,0,0,0,0,0,0,0,0,0,0
570616970,570490396,nan,nan,nan,1,0,0,0,0,0,0,0,0,0,0
570732904,570608760,nan,nan,nan,1,0,0,0,0,0,0,0,0,0,0
570861507,570740812,nan,nan,nan,1,0,0,0,0,0,0,0,0,0,0
570981277,570861492,nan,nan,nan,1,0,0,0,0,0,0,0,0,0,0
571109017,570985212,nan,nan,nan,1,0,0,0,0,0,0,0,0,0,0
571268217,571142128,nan,nan,nan,1,0,0,0,0,0,0,0,0,0,0
571357773,571232226,nan,nan,nan,1,0,0,0,0,0,0,0,0,0,0
571483857,571359792,nan,nan,nan,1,0,0,0,0,0,0,0,0,0,0
571602749,571482276,nan,nan,nan,1,0,0,0,0,0,0,0,0,0,0
571731497,571612300,nan,nan,nan,1,0,0,0,0,0,0,0,0,0,0
571859588,571736770,nan,nan,nan,1,0,0,0,0,0,0,0,0,0,0
571989204,571863440,nan,nan,nan,1,0,0,0,0,0,0,0,0,0,0
572108286,571983710,nan,nan,nan,1,0,0,0,0,0,0,0,0,0,0
572264930,572144172,nan,nan,nan,1,0,0,0,0,0,0,0,0,0,0
572354379,572234416,nan,nan,nan,1,0,0,0,0,0,0,0,0,0,0
572482904,572360288,nan,nan,nan,1,0,0,0,0,0,0,0,0,0,0
572610757,572488160,nan,nan,nan,1,0,0,0,0,0,0,0,0,0,0
572740865,572615430,nan,nan,nan,1,0,0,0,0,0,0,0,0,0,0
572859852,572735046,nan,nan,nan,1,0,0,0,0,0,0,0,0,0,0
572996366,572871292,nan,nan,nan,1,0,0,0,0,0,0,0,0,0,0
573115796,572995402,nan,nan,nan,1,0,0,0,0,0,0,0,0,0,0
573283011,573159598,nan,nan,nan,1,0,0,0,0,0,0,0,0,0,0
573352800,573233402,nan,nan,nan,1,0,0,0,0,0,0,0,0,0,0
573492063,573372272,nan,nan,nan,1,0,0,0,0,0,0,0,0,0,0
573621155,573497256,nan,nan,nan,1,0,0,0,0,0,0,0,0,0,0
573737687,573620192,nan,nan,nan,1,0,0,0,0,0,0,0,0,0,0
573856625,573736632,nan,nan,nan,1,0,0,0,0,0,0,0,0,0,0
573995517,573870806,nan,nan,nan,1,0,0,0,0,0,0,0,0,0,0
574114543,573992210,nan,nan,nan,1,0,0,0,0,0,0,0,0,0,0
574273347,574152454,nan,nan,nan,1,0,0,0,0,0,0,0,0,0,0
574352594,574231734,nan,nan,nan,1,0,0,0,0,0,0,0,0,0,0
574489169,574370714,nan,nan,nan,1,0,0,0,0,0,0,0,0,0,0
574607959,574489028,nan,nan,nan,1,0,0,0,0,0,0,0,0,0,0
574735924,574615780,nan,nan,nan,1,0,0,0,0,0,0,0,0,0,0
574854540,574729468,nan,nan,nan,1,0,0,0,0,0,0,0,0,0,0
575023911,574900100,nan,nan,nan,1,0,0,0,0,0,0,0,0,0,0
575140843,575016856,nan,nan,nan,1,0,0,0,0,0,0,0,0,0,0
575259781,575143050,nan,nan,nan,1,0,0,0,0,0,0,0,0,0,0
575361624,575233754,nan,nan,nan,1,0,0,0,0,0,0,0,0,0,0
575487549,575366942,nan,nan,nan,1,0,0,0,0,0,0,0,0,0,0
575617092,575490908,nan,nan,nan,1,0,0,0,0,0,0,0,0,0,0
575746772,575620508,nan,nan,nan,1,0,0,0,0,0,0,0,0,0,0
575852959,575730606,nan,nan,nan,1,0,0,0,0,0,0,0,0,0,0
575991134,575870378,nan,nan,nan,1,0,0,0,0,0,0,0,0,0,0
576111402,575991484,nan,nan,nan,1,0,0,0,0,0,0,0,0,0,0
576277757,576161316,nan,nan,nan,1,0,0,0,0,0,0,0,0,0,0
576356908,576236958,nan,nan,nan,1,0,0,0,0,0,0,0,0,0,0
576498290,576371660,nan,nan,nan,1,0,0,0,0,0,0,0,0,0,0
576614299,576492092,nan,nan,nan,1,0,0,0,0,0,0,0,0,0,0
576742280,576619772,nan,nan,nan,1,0,0,0,0,0,0,0,0,0,0
576861562,576737210,nan,nan,nan,1,0,0,0,0,0,0,0,0,0,0
576990026,576871778,nan,nan,nan,1,0,0,0,0,0,0,0,0,0,0
577119167,576998762,nan,nan,nan,1,0,0,0,0,0,0,0,0,0,0
577278340,577158186,nan,nan,nan,1,0,0,0,0,0,0,0,0,0,0
577365056,577241110,nan,nan,nan,1,0,0,0,0,0,0,0,0,0,0
577484441,577367764,nan,nan,nan,1,0,0,0,0,0,0,0,0,0,0
577613603,577493498,nan,nan,nan,1,0,0,0,0,0,0,0,0,0,0
577741049,577617862,nan,nan,nan,1,0,0,0,0,0,0,0,0,0,0
577870428,577744624,nan,nan,nan,1,0,0,0,0,0,0,0,0,0,0
577999567,577873754,nan,nan,nan,1,0,0,0,0,0,0,0,0,0,0
578116842,577991850,nan,nan,nan,1,0,0,0,0,0,0,0,0,0,0
578274676,578150108,nan,nan,nan,1,0,0,0,0,0,0,0,0,0,0
578364161,578246716,nan,nan,nan,1,0,0,0,0,0,0,0,0,0,0
578492768,578369118,nan,nan,nan,1,0,0,0,0,0,0,0,0,0,0
578631957,578505932,nan,nan,nan,1,0,0,0,0,0,0,0,0,0,0
578740919,578615564,nan,nan,nan,1,0,0,0,0,0,0,0,0,0,0
578867782,578749770,nan,nan,nan,1,0,0,0,0,0,0,0,0,0,0
578986448,578869988,nan,nan,nan,1,0,0,0,0,0,0,0,0,0,0
579135371,579010700,nan,nan,nan,1,0,0,0,0,0,0,0,0,0,0
579273242,579156560,nan,nan,nan,1,0,0,0,0,0,0,0,0,0,0
579373025,579247754,nan,nan,nan,1,0,0,0,0,0,0,0,0,0,0
579500162,579375208,nan,nan,nan,1,0,0,0,0,0,0,0,0,0,0
579619669,579495210,nan,nan,nan,1,0,0,0,0,0,0,0,0,0,0
579737724,579618178,nan,nan,nan,1,0,0,0,0,0,0,0,0,0,0
579866672,579748020,nan,nan,nan,1,0,0,0,0,0,0,0,0,0,0
579994516,579875718,nan,nan,nan,1,0,0,0,0,0,0,0,0,0,0
580124435,580000600,nan,nan,nan,1,0,0,0,0,0,0,0,0,0,0
580271234,580148752,nan,nan,nan,1,0,0,0,0,0,0,0,0,0,0
580370365,580246720,nan,nan,nan,1,0,0,0,0,0,0,0,0,0,0
580488817,580368966,nan,nan,nan,1,0,0,0,0,0,0,0,0,0,0
580617888,580494722,nan,nan,nan,1,0,0,0,0,0,0,0,0,0,0
580735740,580610808,nan,nan,nan,1,0,0,0,0,0,0,0,0,0,0
580865853,580744716,nan,nan,nan,1,0,0,0,0,0,0,0,0,0,0
580992784,580869812,nan,nan,nan,1,0,0,0,0,0,0,0,0,0,0
581111873,580989989,nan,nan,nan,1,0,0,0,0,0,0,0,0,0,1
581270031,581145603,nan,nan,nan,1,0,0,0,0,0,0,0,0,0,1
581368380,581244669,nan,nan,nan,1,0,0,0,0,0,0,0,0,0,1
581497200,581371701,nan,nan,nan,1,0,0,0,0,0,0,0,0,0,1
581617575,581491403,nan,nan,nan,1,0,0,0,0,0,0,0,0,0,1
581734061,581611205,nan,nan,nan,1,0,0,0,0,0,0,0,0,0,1
581862708,581741135,nan,nan,nan,1,0,0,0,0,0,0,0,0,0,1
581991426,581867239,nan,nan,nan,1,0,0,0,0,0,0,0,0,0,1
582119686,581999905,nan,nan,nan,1,0,0,0,0,0,0,0,0,0,1
582268268,582146861,nan,nan,nan,1,0,0,0,0,0,0,0,0,0,1
582368415,582247395,nan,nan,nan,1,0,0,0,0,0,0,0,0,0,1
582495145,582372317,nan,nan,nan,1,0,0,0,0,0,0,0,0,0,1
582614150,582496741,nan,nan,nan,1,0,0,0,0,0,0,0,0,0,1
582733196,582614729,nan,nan,nan,1,0,0,0,0,0,0,0,0,0,1
582871082,582747881,nan,nan,nan,1,0,0,0,0,0,0,0,0,0,1
582999827,582873923,nan,nan,nan,1,0,0,0,0,0,0,0,0,0,1
583120277,582997741,nan,nan,nan,1,0,0,0,0,0,0,0,0,0,1
583285685,583165767,nan,nan,nan,1,0,0,0,0,0,0,0,0,0,1
583365132,583248785,nan,nan,nan,1,0,0,0,0,0,0,0,0,0,1
583494043,583369809,nan,nan,nan,1,0,0,0,0,0,0,0,0,0,1
583612544,583493897,nan,nan,nan,1,0,0,0,0,0,0,0,0,0,1
583741070,583619857,nan,nan,nan,1,0,0,0,0,0,0,0,0,0,1
583870569,583745231,nan,nan,nan,1,0,0,0,0,0,0,0,0,0,1
583987560,583868925,nan,nan,nan,1,0,0,0,0,0,0,0,0,0,1
584116697,583993071,nan,nan,nan,1,0,0,0,0,0,0,0,0,0,1
584274856,584153669,nan,nan,nan,1,0,0,0,0,0,0,0,0,0,1
584363325,584246095,nan,nan,nan,1,0,0,0,0,0,0,0,0,0,1
584492263,584373801,nan,nan,nan,1,0,0,0,0,0,0,0,0,0,1
584612918,584491743,nan,nan,nan,1,0,0,0,0,0,0,0,0,0,1
584738932,584620733,nan,nan,nan,1,0,0,0,0,0,0,0,0,0,1
584867243,584744725,nan,nan,nan,1,0,0,0,0,0,0,0,0,0,1
584996007,584871155,nan,nan,nan,1,0,0,0,0,0,0,0,0,0,1
585114779,584991073,nan,nan,nan,1,0,0,0,0,0,0,0,0,0,1
585273719,585148623,nan,nan,nan,1,0,0,0,0,0,0,0,0,0,1
585363045,585237667,nan,nan,nan,1,0,0,0,0,0,0,0,0,0,1
585490224,585368801,nan,nan,nan,1,0,0,0,0,0,0,0,0,0,1
585608545,585489847,nan,nan,nan,1,0,0,0,0,0,0,0,0,0,1
585737392,585618485,nan,nan,nan,1,0,0,0,0,0,0,0,0,0,1
585865807,585747879,nan,nan,nan,1,0,0,0,0,0,0,0,0,0,1
585994808,585869875,nan,nan,nan,1,0,0,0,0,0,0,0,0,0,1
586115570,585989191,nan,nan,nan,1,0,0,0,0,0,0,0,0,0,1
586290512,586165345,nan,nan,nan,1,0,0,0,0,0,0,0,0,0,1
586369781,586244761,nan,nan,nan,1,0,0,0,0,0,0,0,0,0,1
586488515,586371831,nan,nan,nan,1,0,0,0,0,0,0,0,0,0,1
586606631,586481735,nan,nan,nan,1,0,0,0,0,0,0,0,0,0,1
586746571,586620975,nan,nan,nan,1,0,0,0,0,0,0,0,0,0,1
586865430,586745507,nan,nan,nan,1,0,0,0,0,0,0,0,0,0,1
586992796,586871747,nan,nan,nan,1,0,0,0,0,0,0,0,0,0,1
587101086,586984715,nan,nan,nan,1,0,0,0,0,0,0,0,0,0,1
587269655,587152731,nan,nan,nan,1,0,0,0,0,0,0,0,0,0,1
587357932,587241139,nan,nan,nan,1,0,0,0,0,0,0,0,0,0,1
587487574,587366949,nan,nan,nan,1,0,0,0,0,0,0,0,0,0,1
587606739,587481605,nan,nan,nan,1,0,0,0,0,0,0,0,0,0,1
587733592,587612209,nan,nan,nan,1,0,0,0,0,0,0,0,0,0,1
587862138,587739787,nan,nan,nan,1,0,0,0,0,0,0,0,0,0,1
587991411,587872429,nan,nan,nan,1,0,0,0,0,0,0,0,0,0,1
588099679,587982331,nan,nan,nan,1,0,0,0,0,0,0,0,0,0,1
588268901,588150715,nan,nan,nan,1,0,0,0,0,0,0,0,0,0,1
588359717,588236889,nan,nan,nan,1,0,0,0,0,0,0,0,0,0,1
588484576,588363307,nan,nan,nan,1,0,0,0,0,0,0,0,0,0,1
588603253,588480895,nan,nan,nan,1,0,0,0,0,0,0,0,0,0,1
588732628,588613437,nan,nan,nan,1,0,0,0,0,0,0,0,0,0,1
588860169,588738797,nan,nan,nan,1,0,0,0,0,0,0,0,0,0,1
588990102,588864917,nan,nan,nan,1,0,0,0,0,0,0,0,0,0,1
589101032,588981725,nan,nan,nan,1,0,0,0,0,0,0,0,0,0,1
589265359,589143863,nan,nan,nan,1,0,0,0,0,0,0,0,0,0,1
589354828,589235941,nan,nan,nan,1,0,0,0,0,0,0,0,0,0,1
589483744,589362753,nan,nan,nan,1,0,0,0,0,0,0,0,0,0,1
589612534,589486263,nan,nan,nan,1,0,0,0,0,0,0,0,0,0,0
589731456,589612747,nan,nan,nan,1,0,0,0,0,0,0,0,0,0,0
589858412,589739343,nan,nan,nan,1,0,0,0,0,0,0,0,0,0,0
589986858,589862303,nan,nan,nan,1,0,0,0,0,0,0,0,0,0,0
590107030,589987715,nan,nan,nan,1,0,0,0,0,0,0,0,0,0,0
590273498,590156231,nan,nan,nan,1,0,0,0,0,0,0,0,0,0,0
590352690,590236373,nan,nan,nan,1,0,0,0,0,0,0,0,0,0,0
590482920,590361727,nan,nan,nan,1,0,0,0,0,0,0,0,0,0,0
590609486,590486533,nan,nan,nan,1,0,0,0,0,0,0,0,0,0,0
590738001,590613393,nan,nan,nan,1,0,0,0,0,0,0,0,0,0,0
590857694,590737829,nan,nan,nan,1,0,0,0,0,0,0,0,0,0,0
590985203,590862731,nan,nan,nan,1,0,0,0,0,0,0,0,0,0,0
591115196,590992729,nan,nan,nan,1,0,0,0,0,0,0,0,0,0,0
591276989,591155831,nan,nan,nan,1,0,0,0,0,0,0,0,0,0,0
591355844,591238255,nan,nan,nan,1,0,0,0,0,0,0,0,0,0,0
591474532,591357941,nan,nan,nan,1,0,0,0,0,0,0,0,0,0,0
591608402,591488309,nan,nan,nan,1,0,0,0,0,0,0,0,0,0,0
591726539,591608853,nan,nan,nan,1,0,0,0,0,0,0,0,0,0,1
591865026,591740327,nan,nan,nan,1,0,0,0,0,0,0,0,0,0,1
591985369,591859363,nan,nan,nan,1,0,0,0,0,0,0,0,0,0,1
592112164,591989373,nan,nan,nan,1,0,0,0,0,0,0,0,0,0,1
592260134,592143739,nan,nan,nan,1,0,0,0,0,0,0,0,0,0,1
592359342,592239801,nan,nan,nan,1,0,0,0,0,0,0,0,0,0,1
592477794,592359835,nan,nan,nan,1,0,0,0,0,0,0,0,0,0,1
592617617,592491033,nan,nan,nan,1,0,0,0,0,0,0,0,0,0,1
592736426,592614727,nan,nan,nan,1,0,0,0,0,0,0,0,0,0,1
592862918,592737947,nan,nan,nan,1,0,0,0,0,0,0,0,0,0,1
592971975,592854737,nan,nan,nan,1,0,0,0,0,0,0,0,0,0,1
593110642,592991171,nan,nan,nan,1,0,0,0,0,0,0,0,0,0,1
593268039,593151619,nan,nan,nan,1,0,0,0,0,0,0,0,0,0,1
593367368,593242015,nan,nan,nan,1,0,0,0,0,0,0,0,0,0,1
593477904,593355819,nan,nan,nan,1,0,0,0,0,0,0,0,0,0,1
593614459,593489831,nan,nan,nan,1,0,0,0,0,0,0,0,0,0,1
593733035,593613713,nan,nan,nan,1,0,0,0,0,0,0,0,0,0,1
593861467,593736413,nan,nan,nan,1,0,0,0,0,0,0,0,0,0,1
593979705,593856721,nan,nan,nan,1,0,0,0,0,0,0,0,0,0,1
594108947,593987739,nan,nan,nan,1,0,0,0,0,0,0,0,0,0,1
594275892,594150793,nan,nan,nan,1,0,0,0,0,0,0,0,0,0,1
594355403,594239007,nan,nan,nan,1,0,0,0,0,0,0,0,0,0,1
594483566,594358767,nan,nan,nan,1,0,0,0,0,0,0,0,0,0,1
594613134,594488717,nan,nan,nan,1,0,0,0,0,0,0,0,0,0,1
594734539,594617717,nan,nan,nan,1,0,0,0,0,0,0,0,0,0,1
594860103,594739781,nan,nan,nan,1,0,0,0,0,0,0,0,0,0,1
594980440,594859223,nan,nan,nan,1,0,0,0,0,0,0,0,0,0,1
595106508,594989797,nan,nan,nan,1,0,0,0,0,0,0,0,0,0,1
595264461,595144529,nan,nan,nan,1,0,0,0,0,0,0,0,0,0,1
595363378,595239781,nan,nan,nan,1,0,0,0,0,0,0,0,0,0,1
595482083,595360071,nan,nan,nan,1,0,0,0,0,0,0,0,0,0,1
595611173,595489791,nan,nan,nan,1,0,0,0,0,0,0,0,0,0,1
595740317,595615015,nan,nan,nan,1,0,0,0,0,0,0,0,0,0,1
595857684,595740719,nan,nan,nan,1,0,0,0,0,0,0,0,0,0,1
595975965,595858729,nan,nan,nan,1,0,0,0,0,0,0,0,0,0,1
596114868,595991043,nan,nan,nan,1,0,0,0,0,0,0,0,0,0,1
596282646,596157721,nan,nan,nan,1,0,0,0,0,0,0,0,0,0,1
596372827,596247589,nan,nan,nan,1,0,0,0,0,0,0,0,0,0,1
596501536,596376359,nan,nan,nan,1,0,0,0,0,0,0,0,0,0,1
596618458,596496359,nan,nan,nan,1,0,0,0,0,0,0,0,0,0,1
596747154,596624717,nan,nan,nan,1,0,0,0,0,0,0,0,0,0,1
596865114,596740973,nan,nan,nan,1,0,0,0,0,0,0,0,0,0,1
596993587,596872845,nan,nan,nan,1,0,0,0,0,0,0,0,0,0,1
597114159,596991745,nan,nan,nan,1,0,0,0,0,0,0,0,0,0,1
597280546,597157477,nan,nan,nan,1,0,0,0,0,0,0,0,0,0,1
597359225,597235864,nan,nan,nan,1,0,0,0,0,0,0,0,0,0,1
597487903,597368236,nan,nan,nan,1,0,0,0,0,0,0,0,0,0,1
597616127,597493786,nan,nan,nan,1,0,0,0,0,0,0,0,0,0,1
597744612,597619830,nan,nan,nan,1,0,0,0,0,0,0,0,0,0,1
597854904,597732856,nan,nan,nan,1,0,0,0,0,0,0,0,0,0,1
597991665,597869102,nan,nan,nan,1,0,0,0,0,0,0,0,0,0,1
598120152,597995682,nan,nan,nan,1,0,0,0,0,0,0,0,0,0,1
598279838,598160766,nan,nan,nan,1,0,0,0,0,0,0,0,0,0,1
598348249,598230550,nan,nan,nan,1,0,0,0,0,0,0,0,0,0,1
598485739,598360718,nan,nan,nan,1,0,0,0,0,0,0,0,0,0,1
598606116,598484890,nan,nan,nan,1,0,0,0,0,0,0,0,0,0,1
598732988,598613720,nan,nan,nan,1,0,0,0,0,0,0,0,0,0,1
598851760,598727778,nan,nan,nan,1,0,0,0,0,0,0,0,0,0,1
598980837,598860728,nan,nan,nan,1,0,0,0,0,0,0,0,0,0,1
599118170,598994346,nan,nan,nan,1,0,0,0,0,0,0,0,0,0,1
599286955,599165736,nan,nan,nan,1,0,0,0,0,0,0,0,0,0,1
599357290,599236936,nan,nan,nan,1,0,0,0,0,0,0,0,0,0,1
599496314,599375040,nan,nan,nan,1,0,0,0,0,0,0,0,0,0,1
599622184,599497768,nan,nan,nan,1,0,0,0,0,0,0,0,0,0,1
599741403,599621542,nan,nan,nan,1,0,0,0,0,0,0,0,0,0,1
599859284,599734758,nan,nan,nan,1,0,0,0,0,0,0,0,0,0,1
599988031,599869780,nan,nan,nan,1,0,0,0,0,0,0,0,0,0,1
600108438,599989780,nan,nan,nan,1,0,0,0,0,0,0,0,0,0,1
600274632,600153734,nan,nan,nan,1,0,0,0,0,0,0,0,0,0,1
600353371,600236716,nan,nan,nan,1,0,0,0,0,0,0,0,0,0,1
600492356,600372436,nan,nan,nan,1,0,0,0,0,0,0,0,0,0,1
600620625,600496750,nan,nan,nan,1,0,0,0,0,0,0,0,0,0,1
600739081,600622736,nan,nan,nan,1,0,0,0,0,0,0,0,0,0,1
600859174,600738180,nan,nan,nan,1,0,0,0,0,0,0,0,0,0,1
600985944,600868730,nan,nan,nan,1,0,0,0,0,0,0,0,0,0,1
601119744,600993572,nan,nan,nan,1,0,0,0,0,0,0,0,0,0,1
601292791,601169854,nan,nan,nan,1,0,0,0,0,0,0,0,0,0,1
601361572,601243380,nan,nan,nan,1,0,0,0,0,0,0,0,0,0,1
601500409,601375658,nan,nan,nan,1,0,0,0,0,0,0,0,0,0,1
601610262,601489860,nan,nan,nan,1,0,0,0,0,0,0,0,0,0,1
601737062,601614790,nan,nan,nan,1,0,0,0,0,0,0,0,0,0,1
601855627,601734772,nan,nan,nan,1,0,0,0,0,0,0,0,0,0,1
601994061,601868950,nan,nan,nan,1,0,0,0,0,0,0,0,0,0,1
602112519,601990720,nan,nan,nan,1,0,0,0,0,0,0,0,0,0,1
602271430,602146720,nan,nan,nan,1,0,0,0,0,0,0,0,0,0,1
602370866,602246096,nan,nan,nan,1,0,0,0,0,0,0,0,0,0,1
602497841,602372312,nan,nan,nan,1,0,0,0,0,0,0,0,0,0,1
602617070,602496984,nan,nan,nan,1,0,0,0,0,0,0,0,0,0,1
602745838,602620208,nan,nan,nan,1,0,0,0,0,0,0,0,0,0,1
602863651,602746348,nan,nan,nan,1,0,0,0,0,0,0,0,0,0,1
602992619,602871720,nan,nan,nan,1,0,0,0,0,0,0,0,0,0,1
603122875,602996302,nan,nan,nan,1,0,0,0,0,0,0,0,0,0,1
603268436,603151728,nan,nan,nan,1,0,0,0,0,0,0,0,0,0,0
603367505,603248782,nan,nan,nan,1,0,0,0,0,0,0,0,0,0,0
603496357,603371068,nan,nan,nan,1,0,0,0,0,0,0,0,0,0,0
603614890,603495216,nan,nan,nan,1,0,0,0,0,0,0,0,0,0,0
603733678,603611744,nan,nan,nan,1,0,0,0,0,0,0,0,0,0,0
603872892,603747876,nan,nan,nan,1,0,0,0,0,0,0,0,0,0,0
603990309,603871748,nan,nan,nan,1,0,0,0,0,0,0,0,0,0,0
604118229,603995746,nan,nan,nan,1,0,0,0,0,0,0,0,0,0,0
604277740,604158724,nan,nan,nan,1,0,0,0,0,0,0,0,0,0,0
604375138,604252278,nan,nan,nan,1,0,0,0,0,0,0,0,0,0,0
604494780,604369332,nan,nan,nan,1,0,0,0,0,0,0,0,0,0,0
604615341,604489348,nan,nan,nan,1,0,0,0,0,0,0,0,0,0,0
604731264,604606768,nan,nan,nan,1,0,0,0,0,0,0,0,0,0,0
604859395,604739196,nan,nan,nan,1,0,0,0,0,0,0,0,0,0,0
604987549,604863870,nan,nan,nan,1,0,0,0,0,0,0,0,0,0,0
605126126,605003720,nan,nan,nan,1,0,0,0,0,0,0,0,0,0,0
605266411,605147734,nan,nan,nan,1,0,0,0,0,0,0,0,0,0,0
605375085,605250154,nan,nan,nan,1,0,0,0,0,0,0,0,0,0,0
605491810,605371150,nan,nan,nan,1,0,0,0,0,0,0,0,0,0,0
605610377,605491718,nan,nan,nan,1,0,0,0,0,0,0,0,0,0,0
605749622,605624722,nan,nan,nan,1,0,0,0,0,0,0,0,0,0,0
605867291,605748808,nan,nan,nan,1,0,0,0,0,0,0,0,0,0,0
605997308,605876880,nan,nan,nan,1,0,0,0,0,0,0,0,0,0,0
606124152,606002242,nan,nan,nan,1,0,0,0,0,0,0,0,0,0,0
606282657,606161952,nan,nan,nan,1,0,0,0,0,0,0,0,0,0,0
606371563,606251456,nan,nan,nan,1,0,0,0,0,0,0,0,0,0,0
606499818,606375732,nan,nan,nan,1,0,0,0,0,0,0,0,0,0,0
606618710,606500002,nan,nan,nan,1,0,0,0,0,0,0,0,0,0,0
606738349,606616804,nan,nan,nan,1,0,0,0,0,0,0,0,0,0,0
606867197,606746342,nan,nan,nan,1,0,0,0,0,0,0,0,0,0,0
606993906,606872980,nan,nan,nan,1,0,0,0,0,0,0,0,0,0,0
607122477,606998726,nan,nan,nan,1,0,0,0,0,0,0,0,0,0,0
607280485,607164022,nan,nan,nan,1,0,0,0,0,0,0,0,0,0,0
607369473,607250776,nan,nan,nan,1,0,0,0,0,0,0,0,0,0,0
607489293,607368724,nan,nan,nan,1,0,0,0,0,0,0,0,0,0,0
607619302,607493400,nan,nan,nan,1,0,0,0,0,0,0,0,0,0,0
607735054,607614118,nan,nan,nan,1,0,0,0,0,0,0,0,0,0,0
607863651,607741726,nan,nan,nan,1,0,0,0,0,0,0,0,0,0,0
607991935,607871556,nan,nan,nan,1,0,0,0,0,0,0,0,0,0,0
608120513,607997226,nan,nan,nan,1,0,0,0,0,0,0,0,0,0,0
608300291,608178732,nan,nan,nan,1,0,0,0,0,0,0,0,0,0,0
608377312,608259770,nan,nan,nan,1,0,0,0,0,0,0,0,0,0,0
608505639,608380730,nan,nan,nan,1,0,0,0,0,0,0,0,0,0,0
608624658,608500118,nan,nan,nan,1,0,0,0,0,0,0,0,0,0,0
608753055,608630270,nan,nan,nan,1,0,0,0,0,0,0,0,0,0,0
608881475,608755810,nan,nan,nan,1,0,0,0,0,0,0,0,0,0,0
609001810,608879846,nan,nan,nan,1,0,0,0,0,0,0,0,0,0,0
609118686,608998718,nan,nan,nan,1,0,0,0,0,0,0,0,0,0,0
609296151,609171510,nan,nan,nan,1,0,0,0,0,0,0,0,0,0,0
609375659,609252004,nan,nan,nan,1,0,0,0,0,0,0,0,0,0,0
609493916,609376640,nan,nan,nan,1,0,0,0,0,0,0,0,0,0,0
609613901,609490738,nan,nan,nan,1,0,0,0,0,0,0,0,0,0,0
609742666,609621740,nan,nan,nan,1,0,0,0,0,0,0,0,0,0,0
609869243,609749030,nan,nan,nan,1,0,0,0,0,0,0,0,0,0,0
609987870,609870776,nan,nan,nan,1,0,0,0,0,0,0,0,0,0,0
610107981,609987756,nan,nan,nan,1,0,0,0,0,0,0,0,0,0,0
610284200,610167178,nan,nan,nan,1,0,0,0,0,0,0,0,0,0,0
610373713,610248038,nan,nan,nan,1,0,0,0,0,0,0,0,0,0,0
610493882,610371732,nan,nan,nan,1,0,0,0,0,0,0,0,0,0,0
610600490,610480532,nan,nan,nan,1,0,0,0,0,0,0,0,0,0,0
610729182,610611892,nan,nan,nan,1,0,0,0,0,0,0,0,0,0,0
610858587,610738522,nan,nan,nan,1,0,0,0,0,0,0,0,0,0,0
610976141,610858980,nan,nan,nan,1,0,0,0,0,0,0,0,0,0,0
611104958,610979924,nan,nan,nan,1,0,0,0,0,0,0,0,0,0,0
611274340,611148748,nan,nan,nan,1,0,0,0,0,0,0,0,0,0,0
611361586,611244932,nan,nan,nan,1,0,0,0,0,0,0,0,0,0,0
611500062,611374518,nan,nan,nan,1,0,0,0,0,0,0,0,0,0,0
611609028,611489224,nan,nan,nan,1,0,0,0,0,0,0,0,0,0,0
611746448,611623718,nan,nan,nan,1,0,0,0,0,0,0,0,0,0,0
611875864,611749162,nan,nan,nan,1,0,0,0,0,0,0,0,0,0,0
611995536,611873730,nan,nan,nan,1,0,0,0,0,0,0,0,0,0,0
612112365,611987848,nan,nan,nan,1,0,0,0,0,0,0,0,0,0,0
612290313,612170338,nan,nan,nan,1,0,0,0,0,0,0,0,0,0,0
612369627,612250228,nan,nan,nan,1,0,0,0,0,0,0,0,0,0,0
612497875,612372268,nan,nan,nan,1,0,0,0,0,0,0,0,0,0,0
612607200,612488738,nan,nan,nan,1,0,0,0,0,0,0,0,0,0,0
612746383,612621444,nan,nan,nan,1,0,0,0,0,0,0,0,0,0,0
612873157,612751258,nan,nan,nan,1,0,0,0,0,0,0,0,0,0,0
612992414,612871390,nan,nan,nan,1,0,0,0,0,0,0,0,0,0,0
613110696,612991332,nan,nan,nan,1,0,0,0,0,0,0,0,0,0,0
613288215,613169780,nan,nan,nan,1,0,0,0,0,0,0,0,0,0,0
613368361,613246770,nan,nan,nan,1,0,0,0,0,0,0,0,0,0,0
613497699,613372040,nan,nan,nan,1,0,0,0,0,0,0,0,0,0,0
613614864,613491746,nan,nan,nan,1,0,0,0,0,0,0,0,0,0,0
613742783,613623720,nan,nan,nan,1,0,0,0,0,0,0,0,0,0,0
613861837,613736742,nan,nan,nan,1,0,0,0,0,0,0,0,0,0,0
613989718,613864860,nan,nan,nan,1,0,0,0,0,0,0,0,0,0,0
614109177,613984568,nan,nan,nan,1,0,0,0,0,0,0,0,0,0,0
614268366,614147730,nan,nan,nan,1,0,0,0,0,0,0,0,0,0,0
614365746,614241724,nan,nan,nan,1,0,0,0,0,0,0,0,0,0,0
614493787,614373664,nan,nan,nan,1,0,0,0,0,0,0,0,0,0,0
614622749,614500118,nan,nan,nan,1,0,0,0,0,0,0,0,0,0,0
614740792,614620732,nan,nan,nan,1,0,0,0,0,0,0,0,0,0,0
614870869,614749774,nan,nan,nan,1,0,0,0,0,0,0,0,0,0,0
614989528,614868724,nan,nan,nan,1,0,0,0,0,0,0,0,0,0,0
615116486,614999888,nan,nan,nan,1,0,0,0,0,0,0,0,0,0,0
615285292,615166748,nan,nan,nan,1,0,0,0,0,0,0,0,0,0,0
615363846,615238956,nan,nan,nan,1,0,0,0,0,0,0,0,0,0,0
615481919,615365052,nan,nan,nan,1,0,0,0,0,0,0,0,0,0,0
615612740,615486708,nan,nan,nan,1,0,0,0,0,0,0,0,0,0,0
615740785,615615586,nan,nan,nan,1,0,0,0,0,0,0,0,0,0,0
615857442,615738748,nan,nan,nan,1,0,0,0,0,0,0,0,0,0,0
615986011,615866960,nan,nan,nan,1,0,0,0,0,0,0,0,0,0,0
616115094,615997474,nan,nan,nan,1,0,0,0,0,0,0,0,0,0,0
616292603,616167624,nan,nan,nan,1,0,0,0,0,0,0,0,0,0,0
616373024,616247016,nan,nan,nan,1,0,0,0,0,0,0,0,0,0,0
616489877,616366994,nan,nan,nan,1,0,0,0,0,0,0,0,0,0,0
616618816,616496950,nan,nan,nan,1,0,0,0,0,0,0,0,0,0,0
616747598,616622564,nan,nan,nan,1,0,0,0,0,0,0,0,0,0,0
616865381,616747432,nan,nan,nan,1,0,0,0,0,0,0,0,0,0,0
616983982,616862720,nan,nan,nan,1,0,0,0,0,0,0,0,0,0,0
617123889,616999238,nan,nan,nan,1,0,0,0,0,0,0,0,0,0,0
617290429,617173972,nan,nan,nan,1,0,0,0,0,0,0,0,0,0,0
617369683,617249770,nan,nan,nan,1,0,0,0,0,0,0,0,0,0,0
617488087,617364270,nan,nan,nan,1,0,0,0,0,0,0,0,0,0,0
