timestamp,id,event_sequence,arguments[0],arguments[1],arguments[2],arguments[3],arguments[4],arguments[5],arguments[6],arguments[7],arguments[8],arguments[9],arguments[10],arguments[11],arguments[12],arguments[13],arguments[14],arguments[15],arguments[16],arguments[17],arguments[18],arguments[19],arguments[20],arguments[21],arguments[22],arguments[23],arguments[24],log_levels
548367057,33420013,614,62,208,126,0,17,0,0,0,0,0,0,0,0,0,0,0,0,0,0,0,0,0,0,0,0,51
548367065,32490591,615,255,255,255,255,17,0,0,0,0,0,0,0,0,0,0,0,0,0,0,0,0,0,0,0,0,68
548367072,26358249,616,62,208,126,0,17,0,0,128,127,0,0,0,63,0,0,0,0,0,0,0,0,0,0,0,0,51
548367079,30612409,617,60,0,126,0,20,0,0,0,0,0,0,0,0,0,0,0,0,0,0,0,0,0,0,0,0,51
548367086,26788467,618,56,0,0,0,20,0,0,0,0,0,0,0,0,0,0,0,0,0,0,0,0,0,0,0,0,51
548367093,17154777,619,8,0,0,0,20,0,0,0,0,0,0,0,0,0,0,0,0,0,0,0,0,0,0,0,0,102
548367100,19865031,620,0,64,0,0,20,0,0,0,0,0,0,0,0,0,0,0,0,0,0,0,0,0,0,0,0,51
548367106,18691879,621,0,138,24,2,40,0,0,0,0,0,0,0,0,0,0,0,0,0,0,0,0,0,0,0,0,136
550387075,27825120,622,0,0,0,0,0,0,0,0,0,247,255,255,255,247,255,255,255,0,0,0,0,0,0,0,0,136
550387084,17154777,623,8,0,0,0,20,0,0,0,0,0,0,0,0,0,0,0,0,0,0,0,0,0,0,0,0,102
550387091,18691879,624,0,138,24,2,40,0,0,0,0,0,0,0,0,0,0,0,0,0,0,0,0,0,0,0,0,136
552457136,27825120,625,0,0,0,0,0,0,0,0,0,247,255,255,255,247,255,255,255,0,0,0,0,0,0,0,0,136
552457145,17154777,626,8,0,0,0,20,0,0,0,0,0,0,0,0,0,0,0,0,0,0,0,0,0,0,0,0,102
552457152,18691879,627,0,138,24,2,40,0,0,0,0,0,0,0,0,0,0,0,0,0,0,0,0,0,0,0,0,136
564797427,26266355,628,1,0,0,0,0,0,0,0,0,0,0,0,0,0,0,0,0,0,0,0,0,0,0,0,0,102
564805984,17980399,629,232,7,7,10,13,7,41,0,0,0,0,0,0,0,0,0,0,0,0,0,0,0,0,0,0,102
567098577,21054825,630,0,0,0,0,0,0,0,0,0,0,0,0,0,0,0,0,0,0,0,0,0,0,0,0,0,102
576903366,27825120,631,0,0,0,2,0,0,0,0,0,0,0,0,0,247,255,255,255,0,0,0,0,0,0,0,0,136
576903375,20380425,632,255,255,255,255,17,0,0,0,0,0,0,0,0,0,0,0,0,0,0,0,0,0,0,0,0,34
576903383,17154777,633,8,0,0,0,20,0,0,0,0,0,0,0,0,0,0,0,0,0,0,0,0,0,0,0,0,102
576903389,18691879,634,0,138,24,2,40,0,0,0,0,0,0,0,0,0,0,0,0,0,0,0,0,0,0,0,0,136
591548686,27825120,635,0,0,0,2,0,0,0,0,0,0,0,0,0,247,255,255,255,0,0,0,0,0,0,0,0,136
591548695,20380425,636,255,255,255,255,17,0,0,0,0,0,0,0,0,0,0,0,0,0,0,0,0,0,0,0,0,34
591548702,20390844,637,62,208,126,0,17,2,47,155,188,190,154,153,153,62,109,38,137,61,0,0,0,0,0,0,0,51
591548710,17154777,638,8,0,0,0,20,0,0,0,0,0,0,0,0,0,0,0,0,0,0,0,0,0,0,0,0,102
591548716,18691879,639,0,138,24,2,40,0,0,0,0,0,0,0,0,0,0,0,0,0,0,0,0,0,0,0,0,136
614355110,27825120,640,0,0,0,2,0,0,0,0,0,0,0,0,0,247,255,255,255,0,0,0,0,0,0,0,0,136
614355119,20380425,641,255,255,255,255,17,0,0,0,0,0,0,0,0,0,0,0,0,0,0,0,0,0,0,0,0,34
614355126,17154777,642,8,0,0,0,20,0,0,0,0,0,0,0,0,0,0,0,0,0,0,0,0,0,0,0,0,102
614355136,18691879,643,0,138,24,2,40,0,0,0,0,0,0,0,0,0,0,0,0,0,0,0,0,0,0,0,0,136
616458398,26622124,644,0,0,0,0,0,0,0,0,0,0,0,0,0,0,0,0,0,0,0,0,0,0,0,0,0,102
616564957,32794487,645,6,0,0,0,0,0,0,0,0,0,0,0,0,0,0,0,0,0,0,0,0,0,0,0,0,102
