timestamp,timestamp_sample,time_utc_usec,device_id,lat,lon,alt,alt_ellipsoid,s_variance_m_s,c_variance_rad,eph,epv,hdop,vdop,noise_per_ms,jamming_indicator,vel_m_s,vel_n_m_s,vel_e_m_s,vel_d_m_s,cog_rad,timestamp_time_relative,heading,heading_offset,heading_accuracy,rtcm_injection_rate,automatic_gain_control,fix_type,jamming_state,spoofing_state,vel_ned_valid,satellites_used,selected_rtcm_instance
564902212,0,1720616861625383,0,593962227,246605740,23624,42212,0.106000006,0.71425503,0.13100001,0.261,0.62,1.17,85,24,0.004,0.004,0.002,-0.010000001,4.019509,0,nan,0.0,0.0,0.0,0,4,1,1,1,23,0
564972730,0,1720616861750383,0,593962226,246605742,23629,42217,0.067,0.7142552,0.13100001,0.261,0.62,1.17,85,24,0.013,0.011000001,0.0050000004,0.0,4.019509,0,nan,0.0,0.0,0.0,0,4,1,1,1,23,0
565092842,0,1720616861875383,0,593962226,246605742,23646,42234,0.086,0.7142554,0.13100001,0.261,0.62,1.17,85,21,0.021000002,-0.014,0.016,0.009000001,4.019509,0,nan,0.0,0.0,0.0,0,4,1,1,1,23,0
565260696,0,1720616862000383,0,593962225,246605742,23651,42239,0.09,0.7142555,0.13100001,0.261,0.62,1.17,85,21,0.017,-0.006,-0.016,0.013,4.019509,0,nan,0.0,0.0,0.0,0,4,1,1,1,23,0
565345820,0,1720616862125383,0,593962224,246605743,23658,42247,0.109000005,0.71425575,0.13100001,0.261,0.62,1.17,85,21,0.013,0.001,0.013,-0.022000002,4.019509,0,nan,0.0,0.0,0.0,0,4,1,1,1,23,0
565475786,0,1720616862250383,0,593962224,246605742,23663,42251,0.085,0.71425605,0.13100001,0.261,0.62,1.17,85,21,0.029000001,-0.017,-0.024,0.017,4.019509,0,nan,0.0,0.0,0.0,0,4,1,1,1,23,0
565597698,0,1720616862375383,0,593962224,246605743,23680,42268,0.079,0.7142562,0.13100001,0.261,0.62,1.17,85,21,0.021000002,0.009000001,0.019000001,0.012,4.019509,0,nan,0.0,0.0,0.0,0,4,1,1,1,23,0
565721700,0,1720616862500383,0,593962224,246605743,23679,42267,0.116000004,0.71425664,0.13100001,0.261,0.62,1.17,85,21,0.020000001,-0.014,0.014,0.027,4.019509,0,nan,0.0,0.0,0.0,0,4,1,1,1,23,0
565844062,0,1720616862625383,0,593962224,246605743,23682,42270,0.081,0.71425676,0.13100001,0.261,0.62,1.17,85,21,0.008,-0.001,-0.008,-0.008,4.019509,0,nan,0.0,0.0,0.0,0,4,1,1,1,23,0
565969738,0,1720616862750383,0,593962224,246605743,23669,42257,0.117000006,0.7142571,0.13100001,0.261,0.61,1.13,85,21,0.030000001,-0.016,0.026,0.046000004,4.019509,0,nan,0.0,0.0,0.0,0,4,1,1,1,23,0
566107960,0,1720616862875383,0,593962224,246605743,23680,42269,0.07300001,0.7142573,0.13100001,0.26200002,0.61,1.13,85,20,0.043,0.032,-0.028,0.002,4.019509,0,nan,0.0,0.0,0.0,0,4,1,1,1,23,0
566271976,0,1720616863000383,0,593962223,246605743,23682,42270,0.074,0.7142575,0.13100001,0.26200002,0.61,1.13,85,20,0.021000002,-0.020000001,0.007,-0.001,4.019509,0,nan,0.0,0.0,0.0,0,4,1,1,1,23,0
566351674,0,1720616863125383,0,593962223,246605743,23686,42274,0.115,0.71425766,0.13100001,0.26200002,0.61,1.13,85,20,0.024,-0.017,-0.017,0.034,4.019509,0,nan,0.0,0.0,0.0,0,4,1,1,1,23,0
566479944,0,1720616863250383,0,593962223,246605743,23686,42275,0.096,0.7142578,0.13100001,0.26200002,0.61,1.13,85,20,0.043,0.034,0.027,-0.029000001,4.019509,0,nan,0.0,0.0,0.0,0,4,1,1,1,23,0
566605660,0,1720616863375383,0,593962223,246605743,23699,42287,0.078,0.714258,0.13100001,0.26200002,0.61,1.13,85,20,0.039,-0.039,-0.004,0.009000001,4.019509,0,nan,0.0,0.0,0.0,0,4,1,1,1,23,0
566731840,0,1720616863500383,0,593962223,246605742,23713,42302,0.112,0.7142583,0.13100001,0.263,0.61,1.13,85,20,0.055000003,0.030000001,-0.046000004,-0.063,4.019509,0,nan,0.0,0.0,0.0,0,4,1,1,1,23,0
566852680,0,1720616863625383,0,593962222,246605743,23701,42290,0.11100001,0.7142585,0.13100001,0.263,0.61,1.13,85,20,0.019000001,-0.008,0.017,0.022000002,4.019509,0,nan,0.0,0.0,0.0,0,4,1,1,1,23,0
566972670,0,1720616863750383,0,593962222,246605744,23709,42298,0.07700001,0.71425873,0.13100001,0.263,0.62,1.17,85,20,0.032,-0.007,0.031000001,-0.013,4.019509,0,nan,0.0,0.0,0.0,0,4,1,1,1,23,0
567104888,0,1720616863875383,0,593962222,246605743,23718,42306,0.072000004,0.7142589,0.13100001,0.264,0.62,1.17,85,20,0.026,0.003,-0.026,-0.006,4.019509,0,nan,0.0,0.0,0.0,0,4,1,1,1,23,0
567259068,0,1720616864000383,0,593962222,246605744,23720,42308,0.086,0.7142592,0.13100001,0.264,0.62,1.17,85,20,0.030000001,-0.018000001,0.024,0.013,4.019509,0,nan,0.0,0.0,0.0,0,4,1,1,1,23,0
567353646,0,1720616864125383,0,593962221,246605744,23723,42311,0.093,0.7142594,0.13100001,0.264,0.62,1.17,85,20,0.017,-0.006,-0.016,-0.014,4.019509,0,nan,0.0,0.0,0.0,0,4,1,1,1,23,0
567473660,0,1720616864250383,0,593962222,246605744,23767,42355,0.127,0.71425974,0.13100001,0.264,0.62,1.17,85,20,0.036000002,0.029000001,0.022000002,-0.128,4.019509,0,nan,0.0,0.0,0.0,0,4,1,1,1,23,0
567603790,0,1720616864375383,0,593962221,246605744,23846,42434,0.125,0.7142606,0.13100001,0.264,0.62,1.17,85,20,0.07,-0.069000006,-0.013,-0.397,4.019509,0,nan,0.0,0.0,0.0,0,4,1,1,1,23,0
567733698,0,1720616864500383,0,593962222,246605740,23997,42586,0.126,0.57107973,0.13100001,0.264,0.61,1.13,85,20,0.109000005,0.026,-0.106000006,-0.758,4.5902843,0,nan,0.0,0.0,0.0,0,4,1,1,1,23,0
567856342,0,1720616864625383,0,593962220,246605742,24089,42678,0.12200001,0.40022668,0.13100001,0.264,0.61,1.13,85,20,0.14500001,-0.119,0.083000004,-0.638,3.209713,0,nan,0.0,0.0,0.0,0,4,1,1,1,22,0
567970400,0,1720616864750383,0,593962223,246605739,24266,42854,0.13000001,0.22804698,0.13100001,0.264,0.63,1.13,85,20,0.26200002,0.224,-0.135,-0.869,5.119911,0,nan,0.0,0.0,0.0,0,4,1,1,1,21,0
568105778,0,1720616864875383,0,593962221,246605739,24358,42946,0.14600001,0.7345803,0.132,0.264,0.63,1.13,86,19,0.102000006,-0.096,-0.035,-0.68700004,4.9767036,0,nan,0.0,0.0,0.0,0,4,1,1,1,21,0
568272590,0,1720616865000383,0,593962222,246605740,24507,43095,0.155,0.7345823,0.132,0.26500002,0.63,1.13,86,19,0.036000002,-0.004,0.035,-0.845,4.9767036,0,nan,0.0,0.0,0.0,0,4,1,1,1,22,0
568356714,0,1720616865125383,0,593962221,246605736,24570,43158,0.15900001,0.54757625,0.132,0.26500002,0.64,1.2099999,86,19,0.165,-0.007,-0.164,-0.546,4.779773,0,nan,0.0,0.0,0.0,0,4,1,1,1,23,0
568471188,0,1720616865250383,0,593962224,246605737,24784,43373,0.17300001,0.37395546,0.132,0.26500002,0.59999996,1.13,86,19,0.20300001,0.201,0.029000001,-1.121,5.9011226,0,nan,0.0,0.0,0.0,0,4,1,1,1,23,0
568605716,0,1720616865375383,0,593962223,246605734,24932,43520,0.149,0.7523152,0.132,0.26500002,0.59999996,1.13,86,19,0.10700001,-0.035,-0.101,-1.095,5.5989184,0,nan,0.0,0.0,0.0,0,4,1,1,1,23,0
568732328,0,1720616865500383,0,593962223,246605734,25115,43703,0.134,0.75231785,0.132,0.26500002,0.59999996,1.13,86,19,0.09,0.09,0.0,-1.194,5.5989184,0,nan,0.0,0.0,0.0,0,4,1,1,1,23,0
568855036,0,1720616865625383,0,593962222,246605733,25226,43815,0.14400001,0.5931969,0.132,0.26500002,0.61,1.13,86,19,0.128,-0.015000001,-0.127,-0.95100003,4.9778275,0,nan,0.0,0.0,0.0,0,4,1,1,1,23,0
568969744,0,1720616865750383,0,593962222,246605733,25392,43981,0.14500001,0.5932002,0.132,0.26500002,0.59999996,1.13,86,19,0.056,-0.029000001,-0.047000002,-1.125,4.9778275,0,nan,0.0,0.0,0.0,0,4,1,1,1,23,0
569106662,0,1720616865875383,0,593962221,246605732,25553,44142,0.135,0.59320354,0.132,0.26500002,0.59999996,1.13,86,20,0.031000001,0.018000001,-0.025,-1.1290001,4.9778275,0,nan,0.0,0.0,0.0,0,4,1,1,1,23,0
569263836,0,1720616866000384,0,593962222,246605733,25724,44313,0.134,0.5932069,0.132,0.26500002,0.59999996,1.13,86,20,0.048,0.048,0.0,-1.1650001,4.9778275,0,nan,0.0,0.0,0.0,0,4,1,1,1,23,0
569353692,0,1720616866125384,0,593962220,246605734,25901,44490,0.135,0.5932105,0.132,0.266,0.61,1.2099999,86,20,0.098000005,-0.083000004,0.053000003,-1.2470001,4.9778275,0,nan,0.0,0.0,0.0,0,4,1,1,1,22,0
569473564,0,1720616866250384,0,593962220,246605733,26016,44604,0.135,0.5932137,0.133,0.266,0.61,1.2099999,86,20,0.08400001,0.039,-0.074,-1.093,4.9778275,0,nan,0.0,0.0,0.0,0,4,1,1,1,23,0
569601270,0,1720616866375384,0,593962220,246605732,26192,44780,0.136,0.59321713,0.133,0.266,0.59999996,1.13,86,20,0.042000003,0.015000001,-0.039,-1.2190001,4.9778275,0,nan,0.0,0.0,0.0,0,4,1,1,1,21,0
569731666,0,1720616866500384,0,593962220,246605732,26360,44948,0.135,0.59322065,0.133,0.266,0.65999997,1.2099999,86,20,0.036000002,0.028,0.023000002,-1.217,4.9778275,0,nan,0.0,0.0,0.0,0,4,1,1,1,23,0
569854542,0,1720616866625384,0,593962220,246605732,26531,45120,0.133,0.59322435,0.133,0.266,0.59999996,1.13,86,20,0.044000003,0.044000003,0.003,-1.2650001,4.9778275,0,nan,0.0,0.0,0.0,0,4,1,1,1,23,0
569971884,0,1720616866750384,0,593962222,246605731,26727,45315,0.13000001,0.29446986,0.133,0.266,0.59999996,1.13,86,20,0.18300001,0.16600001,-0.075,-1.335,5.6841307,0,nan,0.0,0.0,0.0,0,4,1,1,1,23,0
570108662,0,1720616866875384,0,593962222,246605731,26869,45457,0.13100001,0.29447684,0.133,0.266,0.61,1.13,86,23,0.053000003,0.052,-0.008,-1.2160001,5.6841307,0,nan,0.0,0.0,0.0,0,4,1,1,1,23,0
570275750,0,1720616867000384,0,593962223,246605731,27047,45636,0.133,0.43016866,0.133,0.266,0.61,1.13,86,23,0.11800001,0.117000006,-0.019000001,-1.3110001,5.8226867,0,nan,0.0,0.0,0.0,0,4,1,1,1,23,0
570352670,0,1720616867125384,0,593962223,246605731,27203,45791,0.133,0.43017372,0.133,0.266,0.59999996,1.13,86,23,0.07,0.066,-0.023000002,-1.2360001,5.8226867,0,nan,0.0,0.0,0.0,0,4,1,1,1,23,0
570475594,0,1720616867250384,0,593962224,246605731,27357,45945,0.133,0.43017843,0.133,0.266,0.59999996,1.13,86,23,0.082,0.076000005,-0.031000001,-1.174,5.8226867,0,nan,0.0,0.0,0.0,0,4,1,1,1,23,0
570605338,0,1720616867375384,0,593962225,246605733,27542,46131,0.133,0.40566897,0.133,0.266,0.59999996,1.13,86,23,0.14,0.13800001,0.021000002,-1.274,6.146765,0,nan,0.0,0.0,0.0,0,4,1,1,1,22,0
570723702,0,1720616867500384,0,593962226,246605733,27731,46320,0.12900001,0.39511374,0.133,0.26500002,0.61,1.13,86,23,0.125,0.125,0.002,-1.314,6.225257,0,nan,0.0,0.0,0.0,0,4,1,1,1,22,0
570855754,0,1720616867625384,0,593962227,246605733,27876,46465,0.12900001,0.39511898,0.132,0.26500002,0.61,1.13,86,23,0.091000006,0.086,0.029000001,-1.2090001,6.225257,0,nan,0.0,0.0,0.0,0,4,1,1,1,23,0
570976434,0,1720616867750384,0,593962228,246605736,28054,46643,0.132,0.4001497,0.133,0.26500002,0.65,1.1899999,86,23,0.16900001,0.13100001,0.106000006,-1.2770001,0.30695698,0,nan,0.0,0.0,0.0,0,4,1,1,1,22,0
571100154,0,1720616867875384,0,593962229,246605737,28227,46815,0.13000001,0.4353392,0.132,0.264,0.65,1.1899999,85,24,0.142,0.116000004,0.083000004,-1.297,0.45177776,0,nan,0.0,0.0,0.0,0,4,1,1,1,23,0
571257070,0,1720616868000384,0,593962229,246605740,28391,46979,0.13000001,0.5852347,0.133,0.264,0.65,1.1899999,85,24,0.132,0.057000004,0.119,-1.256,0.6906278,0,nan,0.0,0.0,0.0,0,4,1,1,1,23,0
571347168,0,1720616868125384,0,593962230,246605743,28565,47153,0.12900001,0.38985804,0.133,0.264,0.59999996,1.13,85,24,0.17,0.119,0.12200001,-1.2570001,0.7649778,0,nan,0.0,0.0,0.0,0,4,1,1,1,22,0
571474734,0,1720616868250384,0,593962231,246605746,28657,47245,0.132,0.51305544,0.133,0.264,0.65,1.1899999,85,24,0.126,0.086,0.09200001,-0.87100005,0.7850318,0,nan,0.0,0.0,0.0,0,4,1,1,1,23,0
571597218,0,1720616868375384,0,593962231,246605752,28665,47254,0.119,0.28182527,0.132,0.263,0.59999996,1.13,85,24,0.22200002,0.13800001,0.17300001,-0.38700002,0.87078875,0,nan,0.0,0.0,0.0,0,4,1,1,1,23,0
571727242,0,1720616868500384,0,593962232,246605755,28749,47337,0.124000005,0.30347434,0.132,0.263,0.59999996,1.13,85,24,0.19700001,0.11400001,0.16000001,-0.59900004,0.9086301,0,nan,0.0,0.0,0.0,0,4,1,1,1,23,0
571851712,0,1720616868625384,0,593962231,246605758,28797,47386,0.125,0.4767974,0.132,0.263,0.59999996,1.13,85,24,0.14,0.001,0.14,-0.48000002,1.0968673,0,nan,0.0,0.0,0.0,0,4,1,1,1,23,0
571978382,0,1720616868750384,0,593962231,246605764,28892,47480,0.133,0.30575025,0.132,0.26200002,0.61,1.13,85,24,0.21700001,-0.026,0.216,-0.582,1.5162586,0,nan,0.0,0.0,0.0,0,4,1,1,1,22,0
572098652,0,1720616868875384,0,593962230,246605769,28942,47530,0.123,0.34933862,0.132,0.26200002,0.61,1.13,86,21,0.177,-0.063,0.165,-0.42900002,1.6968918,0,nan,0.0,0.0,0.0,0,4,1,1,1,23,0
572259114,0,1720616869000384,0,593962229,246605772,29068,47656,0.126,0.2993416,0.132,0.26200002,0.59999996,1.13,86,21,0.187,-0.081,0.16900001,-0.73,1.8811381,0,nan,0.0,0.0,0.0,0,4,1,1,1,23,0
572349358,0,1720616869125384,0,593962227,246605776,29201,47789,0.12900001,0.22187062,0.132,0.26200002,0.59999996,1.13,86,21,0.24800001,-0.148,0.19900002,-0.94100004,2.0943458,0,nan,0.0,0.0,0.0,0,4,1,1,1,23,0
572475230,0,1720616869250384,0,593962225,246605782,29320,47908,0.132,0.2679838,0.132,0.26200002,0.59999996,1.13,86,21,0.22700001,-0.119,0.193,-0.96000004,2.1055093,0,nan,0.0,0.0,0.0,0,4,1,1,1,23,0
572603102,0,1720616869375384,0,593962225,246605788,29470,48058,0.13000001,0.2674394,0.132,0.261,0.59999996,1.13,86,21,0.24400002,0.008,0.24400002,-1.0430001,1.822012,0,nan,0.0,0.0,0.0,0,4,1,1,1,22,0
572730372,0,1720616869500384,0,593962219,246605794,29519,48107,0.102000006,0.094187394,0.132,0.261,0.61,1.13,86,21,0.48600003,-0.42900002,0.22900002,-0.67,2.5593824,0,nan,0.0,0.0,0.0,0,4,1,1,1,22,0
572849988,0,1720616869625384,0,593962218,246605801,29590,48179,0.115,0.2019414,0.132,0.261,0.61,1.13,86,21,0.268,-0.09,0.25300002,-0.558,2.4439619,0,nan,0.0,0.0,0.0,0,4,1,1,1,23,0
572986234,0,1720616869750384,0,593962215,246605806,29583,48172,0.079,0.17359148,0.13100001,0.26000002,0.59999996,1.13,86,21,0.298,-0.216,0.20500001,-0.164,2.4095337,0,nan,0.0,0.0,0.0,0,4,1,1,1,23,0
573110344,0,1720616869875384,0,593962211,246605810,29601,48189,0.08400001,0.17395051,0.13100001,0.26000002,0.59999996,1.13,86,24,0.28100002,-0.252,0.124000005,-0.2,2.5473387,0,nan,0.0,0.0,0.0,0,4,1,1,1,23,0
573274540,0,1720616870000384,0,593962207,246605813,29620,48209,0.07700001,0.13467275,0.13100001,0.26000002,0.59999996,1.13,86,24,0.37,-0.349,0.125,-0.18800001,2.7037933,0,nan,0.0,0.0,0.0,0,4,1,1,1,23,0
573348344,0,1720616870125384,0,593962201,246605816,29630,48218,0.072000004,0.10938466,0.13100001,0.26000002,0.59999996,1.13,86,24,0.462,-0.44700003,0.115,-0.13000001,2.815259,0,nan,0.0,0.0,0.0,0,4,1,1,1,23,0
573487214,0,1720616870250384,0,593962196,246605818,29651,48239,0.065000005,0.12149131,0.13100001,0.259,0.59999996,1.13,86,24,0.416,-0.41500002,0.029000001,-0.12900001,2.9301817,0,nan,0.0,0.0,0.0,0,4,1,1,1,23,0
573612198,0,1720616870375384,0,593962190,246605820,29699,48288,0.075,0.10531997,0.13100001,0.259,0.59999996,1.13,86,24,0.47700003,-0.476,0.024,-0.261,3.0217261,0,nan,0.0,0.0,0.0,0,4,1,1,1,23,0
573735134,0,1720616870500384,0,593962184,246605819,29699,48287,0.063,0.09935566,0.13100001,0.259,0.59999996,1.13,86,24,0.52400005,-0.51900005,-0.072000004,-0.117000006,3.1576512,0,nan,0.0,0.0,0.0,0,4,1,1,1,23,0
573851574,0,1720616870625384,0,593962178,246605818,29720,48308,0.067,0.0948021,0.13100001,0.259,0.59999996,1.13,86,24,0.52400005,-0.521,-0.057000004,-0.17,3.2066987,0,nan,0.0,0.0,0.0,0,4,1,1,1,23,0
573985748,0,1720616870750384,0,593962171,246605813,29745,48333,0.066,0.08506979,0.13100001,0.259,0.59999996,1.13,86,24,0.62700003,-0.60200006,-0.177,-0.2,3.3291726,0,nan,0.0,0.0,0.0,0,4,1,1,1,23,0
574107152,0,1720616870875384,0,593962162,246605812,29774,48363,0.069000006,0.0632455,0.13100001,0.259,0.59999996,1.13,86,24,0.795,-0.79200006,-0.068,-0.21100001,3.26327,0,nan,0.0,0.0,0.0,0,4,1,1,1,23,0
574267396,0,1720616871000384,0,593962148,246605806,29801,48389,0.065000005,0.049316194,0.13100001,0.259,0.59999996,1.13,86,24,1.1470001,-1.12,-0.24900001,-0.22500001,3.32341,0,nan,0.0,0.0,0.0,0,4,1,1,1,23,0
574346676,0,1720616871125384,0,593962131,246605798,29839,48428,0.064,0.035894092,0.13100001,0.259,0.59999996,1.13,86,24,1.572,-1.531,-0.35700002,-0.27800003,3.3543098,0,nan,0.0,0.0,0.0,0,4,1,1,1,21,0
574485656,0,1720616871250384,0,593962106,246605788,29824,48412,0.066,0.02413738,0.13100001,0.259,0.61,1.16,86,24,2.265,-2.219,-0.45100003,-0.082,3.3458123,0,nan,0.0,0.0,0.0,0,4,1,1,1,22,0
574603970,0,1720616871375384,0,593962076,246605773,29866,48455,0.075,0.022848627,0.13100001,0.259,0.61,1.16,86,24,2.66,-2.568,-0.69500005,-0.26200002,3.3777614,0,nan,0.0,0.0,0.0,0,4,1,1,1,22,0
574730722,0,1720616871500384,0,593962039,246605755,29880,48468,0.072000004,0.017673554,0.13100001,0.25800002,0.61,1.16,86,24,3.4,-3.301,-0.81200004,-0.19100001,3.3809474,0,nan,0.0,0.0,0.0,0,4,1,1,1,22,0
574844410,0,1720616871625384,0,593962003,246605733,29916,48504,0.066,0.017461495,0.13100001,0.25800002,0.61,1.16,86,24,3.4240003,-3.2710001,-1.0120001,-0.25800002,3.412164,0,nan,0.0,0.0,0.0,0,4,1,1,1,22,0
575015042,0,1720616871750384,0,593961967,246605712,29977,48565,0.055000003,0.016549036,0.13100001,0.25800002,0.62,1.16,86,24,3.219,-3.0790002,-0.938,-0.386,3.4256878,0,nan,0.0,0.0,0.0,0,4,1,1,1,22,0
575131798,0,1720616871875384,0,593961933,246605690,29955,48544,0.056,0.01653804,0.13100001,0.25800002,0.62,1.17,85,27,3.163,-2.9950001,-1.014,-0.115,3.44734,0,nan,0.0,0.0,0.0,0,4,1,1,1,22,0
575257992,0,1720616872000384,0,593961906,246605672,29959,48547,0.057000004,0.021495823,0.13100001,0.25800002,0.61,1.17,85,27,2.4410002,-2.2670002,-0.90400004,-0.11000001,3.475237,0,nan,0.0,0.0,0.0,0,4,1,1,1,23,0
575348696,0,1720616872125384,0,593961885,246605655,29949,48537,0.058000002,0.026919957,0.13100001,0.25800002,0.59999996,1.13,85,27,2.028,-1.853,-0.82600003,-0.054,3.5089087,0,nan,0.0,0.0,0.0,0,4,1,1,1,23,0
575481884,0,1720616872250384,0,593961869,246605639,29956,48545,0.054,0.037592646,0.13100001,0.25800002,0.59999996,1.13,85,27,1.501,-1.2800001,-0.78300005,-0.09200001,3.5706856,0,nan,0.0,0.0,0.0,0,4,1,1,1,23,0
575605850,0,1720616872375384,0,593961861,246605624,29962,48550,0.049000002,0.05507683,0.13100001,0.25800002,0.59999996,1.13,85,27,1.039,-0.744,-0.725,-0.09900001,3.6799927,0,nan,0.0,0.0,0.0,0,4,1,1,1,23,0
575735450,0,1720616872500384,0,593961859,246605609,29967,48556,0.044000003,0.084351756,0.13100001,0.25800002,0.59999996,1.13,85,27,0.74500006,-0.21100001,-0.71500003,-0.094000004,3.9028056,0,nan,0.0,0.0,0.0,0,4,1,1,1,23,0
575845548,0,1720616872625384,0,593961862,246605596,29972,48561,0.058000002,0.08207864,0.13000001,0.25800002,0.59999996,1.13,85,27,0.70400006,0.287,-0.643,-0.093,4.5344605,0,nan,0.0,0.0,0.0,0,4,1,1,1,23,0
575985320,0,1720616872750384,0,593961872,246605582,29972,48560,0.067,0.046632055,0.13000001,0.25800002,0.59999996,1.13,85,27,1.093,0.90700006,-0.61,-0.067,5.4089303,0,nan,0.0,0.0,0.0,0,4,1,1,1,23,0
576106426,0,1720616872875384,0,593961889,246605572,29986,48574,0.069000006,0.033352017,0.13000001,0.25800002,0.59999996,1.13,85,22,1.5430001,1.439,-0.55700004,-0.12900001,5.7432613,0,nan,0.0,0.0,0.0,0,4,1,1,1,23,0
576276258,0,1720616873000384,0,593961909,246605561,29995,48584,0.066,0.02725506,0.13000001,0.25800002,0.59999996,1.13,85,22,1.8330001,1.7570001,-0.521,-0.12100001,5.89434,0,nan,0.0,0.0,0.0,0,4,1,1,1,23,0
576351900,0,1720616873125384,0,593961926,246605550,29979,48567,0.065000005,0.03008162,0.13000001,0.257,0.59999996,1.13,85,22,1.6960001,1.6150001,-0.518,-0.015000001,5.9298463,0,nan,0.0,0.0,0.0,0,4,1,1,1,23,0
576486602,0,1720616873250384,0,593961946,246605533,30011,48600,0.07,0.02740097,0.13000001,0.257,0.59999996,1.13,85,22,1.8950001,1.7350001,-0.76100004,-0.24200001,5.896944,0,nan,0.0,0.0,0.0,0,4,1,1,1,23,0
576607034,0,1720616873375384,0,593961959,246605514,29989,48577,0.071,0.036140706,0.13000001,0.256,0.59999996,1.13,85,22,1.4900001,1.167,-0.92700005,-0.053000003,5.7923036,0,nan,0.0,0.0,0.0,0,4,1,1,1,23,0
576734714,0,1720616873500384,0,593961968,246605488,30003,48591,0.069000006,0.043592215,0.13000001,0.256,0.59999996,1.13,85,22,1.411,0.77900004,-1.177,-0.132,5.590115,0,nan,0.0,0.0,0.0,0,4,1,1,1,23,0
576852152,0,1720616873625384,0,593961971,246605460,29978,48567,0.054,0.047777865,0.13000001,0.25500003,0.59999996,1.13,85,22,1.427,0.36400002,-1.3800001,0.016,5.3080206,0,nan,0.0,0.0,0.0,0,4,1,1,1,23,0
576986720,0,1720616873750384,0,593961971,246605428,29977,48565,0.052,0.047447473,0.13000001,0.25500003,0.59999996,1.13,85,22,1.488,0.036000002,-1.4870001,-0.041,5.02007,0,nan,0.0,0.0,0.0,0,4,1,1,1,23,0
577113704,0,1720616873875384,0,593961971,246605395,29988,48576,0.052,0.043450493,0.13000001,0.25500003,0.59999996,1.13,85,22,1.5560001,-0.09,-1.554,-0.119,4.8208957,0,nan,0.0,0.0,0.0,0,4,1,1,1,23,0
577273128,0,1720616874000384,0,593961968,246605367,30022,48611,0.052,0.054852206,0.13000001,0.25500003,0.59999996,1.13,85,22,1.3340001,-0.26200002,-1.3080001,-0.305,4.7025633,0,nan,0.0,0.0,0.0,0,4,1,1,1,23,0
577356052,0,1720616874125384,0,593961962,246605341,30066,48654,0.05,0.066179566,0.13000001,0.254,0.59999996,1.13,85,22,1.2750001,-0.46,-1.189,-0.38500002,4.5562425,0,nan,0.0,0.0,0.0,0,4,1,1,1,22,0
577482706,0,1720616874250384,0,593961957,246605323,30099,48687,0.054,0.08323405,0.13000001,0.25300002,0.61,1.17,85,22,0.88000005,-0.36800003,-0.799,-0.416,4.4493556,0,nan,0.0,0.0,0.0,0,4,1,1,1,23,0
577608440,0,1720616874375384,0,593961956,246605316,30214,48802,0.097,0.15647784,0.12900001,0.25300002,0.59999996,1.13,85,22,0.48900002,-0.275,-0.404,-0.86500007,4.3753195,0,nan,0.0,0.0,0.0,0,4,1,1,1,23,0
577732804,0,1720616874500384,0,593961953,246605308,30265,48853,0.093,0.15915866,0.12900001,0.252,0.59999996,1.13,85,22,0.439,-0.224,-0.377,-0.69200003,4.277163,0,nan,0.0,0.0,0.0,0,4,1,1,1,23,0
577859566,0,1720616874625384,0,593961951,246605305,30362,48950,0.11000001,0.2211676,0.12900001,0.252,0.59999996,1.13,85,22,0.27800003,-0.22500001,-0.164,-0.832,4.104106,0,nan,0.0,0.0,0.0,0,4,1,1,1,23,0
577988696,0,1720616874750384,0,593961949,246605301,30417,49006,0.115,0.22327454,0.12900001,0.252,0.59999996,1.13,85,22,0.28100002,-0.12200001,-0.252,-0.725,4.18162,0,nan,0.0,0.0,0.0,0,4,1,1,1,23,0
578106792,0,1720616874875384,0,593961949,246605298,30518,49107,0.12900001,0.40120143,0.12900001,0.25100002,0.59999996,1.13,85,21,0.172,-0.002,-0.172,-0.86600006,4.3041673,0,nan,0.0,0.0,0.0,0,4,1,1,1,23,0
578265050,0,1720616875000384,0,593961947,246605293,30552,49141,0.115,0.25221178,0.12900001,0.25100002,0.59999996,1.13,85,21,0.287,-0.141,-0.25,-0.59000003,4.230014,0,nan,0.0,0.0,0.0,0,4,1,1,1,23,0
578361658,0,1720616875125384,0,593961947,246605287,30564,49152,0.11800001,0.21887894,0.128,0.25100002,0.59999996,1.13,85,21,0.29000002,0.109000005,-0.26900002,-0.377,4.724308,0,nan,0.0,0.0,0.0,0,4,1,1,1,22,0
578484060,0,1720616875250385,0,593961947,246605281,30597,49186,0.116000004,0.26869535,0.128,0.252,0.61,1.13,85,21,0.25100002,-0.065000005,-0.24300002,-0.42400002,4.615717,0,nan,0.0,0.0,0.0,0,4,1,1,1,23,0
578620874,0,1720616875375385,0,593961947,246605277,30585,49174,0.1,0.28589785,0.128,0.252,0.59999996,1.13,85,21,0.24400002,0.030000001,-0.24200001,-0.24400002,4.7186127,0,nan,0.0,0.0,0.0,0,4,1,1,1,23,0
578730506,0,1720616875500385,0,593961947,246605271,30584,49172,0.07300001,0.2343895,0.128,0.25100002,0.59999996,1.13,85,21,0.27600002,0.012,-0.27600002,-0.15200001,4.7407155,0,nan,0.0,0.0,0.0,0,4,1,1,1,23,0
578864712,0,1720616875625385,0,593961947,246605265,30566,49154,0.052,0.24101652,0.128,0.25100002,0.59999996,1.13,85,21,0.254,0.035,-0.252,-0.042000003,4.7943697,0,nan,0.0,0.0,0.0,0,4,1,1,1,23,0
578984930,0,1720616875750385,0,593961947,246605260,30560,49148,0.051000003,0.26746228,0.127,0.25100002,0.59999996,1.13,85,21,0.246,-0.054,-0.24000001,-0.062000003,4.657774,0,nan,0.0,0.0,0.0,0,4,1,1,1,23,0
579125642,0,1720616875875385,0,593961947,246605255,30547,49136,0.051000003,0.22243488,0.127,0.25100002,0.59999996,1.13,85,20,0.282,0.057000004,-0.27600002,-0.024,4.81102,0,nan,0.0,0.0,0.0,0,4,1,1,1,23,0
579271502,0,1720616876000385,0,593961946,246605250,30538,49127,0.043,0.33422253,0.127,0.25100002,0.59999996,1.13,85,20,0.19800001,-0.042000003,-0.193,-0.015000001,4.714667,0,nan,0.0,0.0,0.0,0,4,1,1,1,23,0
579362696,0,1720616876125385,0,593961945,246605247,30528,49117,0.045,0.34333733,0.127,0.25100002,0.59999996,1.13,85,20,0.19800001,0.008,-0.19800001,-0.002,4.7334123,0,nan,0.0,0.0,0.0,0,4,1,1,1,23,0
579490150,0,1720616876250385,0,593961944,246605243,30511,49100,0.049000002,0.34777412,0.127,0.252,0.59999996,1.13,85,20,0.19900002,-0.042000003,-0.194,0.026,4.6178293,0,nan,0.0,0.0,0.0,0,4,1,1,1,23,0
579610152,0,1720616876375385,0,593961943,246605240,30500,49088,0.045,0.49750015,0.127,0.252,0.59999996,1.13,85,20,0.136,-0.037,-0.13100001,-0.014,4.558275,0,nan,0.0,0.0,0.0,0,4,1,1,1,23,0
579733120,0,1720616876500385,0,593961943,246605238,30463,49051,0.064,0.482661,0.126,0.252,0.59999996,1.13,85,20,0.13800001,0.002,-0.13800001,0.053000003,4.644897,0,nan,0.0,0.0,0.0,0,4,1,1,1,23,0
579862962,0,1720616876625385,0,593961941,246605235,30432,49021,0.086,0.61661017,0.126,0.252,0.59999996,1.13,85,20,0.108,-0.048,-0.097,0.07300001,4.4955573,0,nan,0.0,0.0,0.0,0,4,1,1,1,23,0
579990660,0,1720616876750385,0,593961941,246605234,30404,48993,0.093,0.61661047,0.126,0.252,0.59999996,1.13,85,20,0.096,-0.007,-0.095000006,0.08800001,4.4955573,0,nan,0.0,0.0,0.0,0,4,1,1,1,23,0
580115542,0,1720616876875385,0,593961941,246605232,30368,48956,0.10300001,0.5846132,0.126,0.252,0.59999996,1.13,85,23,0.11400001,-0.024,-0.11100001,0.13700001,4.499684,0,nan,0.0,0.0,0.0,0,4,1,1,1,23,0
580263694,0,1720616877000385,0,593961940,246605231,30326,48915,0.117000006,0.58461374,0.125,0.25100002,0.59999996,1.13,85,23,0.096,-0.067,-0.07,0.16800001,4.499684,0,nan,0.0,0.0,0.0,0,4,1,1,1,23,0
580361662,0,1720616877125385,0,593961939,246605230,30293,48881,0.11400001,0.5846142,0.125,0.25100002,0.59999996,1.13,85,23,0.068,-0.021000002,-0.065000005,0.15100001,4.499684,0,nan,0.0,0.0,0.0,0,4,1,1,1,23,0
580483908,0,1720616877250385,0,593961938,246605227,30263,48851,0.101,0.49141613,0.125,0.25100002,0.59999996,1.13,85,23,0.13700001,-0.086,-0.106000006,0.15100001,4.2248755,0,nan,0.0,0.0,0.0,0,4,1,1,1,23,0
580609664,0,1720616877375385,0,593961938,246605224,30217,48806,0.09900001,0.4049183,0.125,0.25100002,0.59999996,1.13,85,23,0.155,0.006,-0.155,0.21200001,4.5370026,0,nan,0.0,0.0,0.0,0,4,1,1,1,23,0
580725750,0,1720616877500385,0,593961938,246605221,30173,48762,0.10300001,0.39377123,0.125,0.25,0.59999996,1.13,85,23,0.157,-0.07300001,-0.13900001,0.20600002,4.37738,0,nan,0.0,0.0,0.0,0,4,1,1,1,23,0
580859658,0,1720616877625385,0,593961938,246605218,30117,48706,0.11800001,0.39377224,0.125,0.25,0.59999996,1.13,85,23,0.094000004,0.001,-0.094000004,0.25500003,4.37738,0,nan,0.0,0.0,0.0,0,4,1,1,1,23,0
580984754,0,1720616877750385,0,593961937,246605217,30066,48655,0.12900001,0.39377332,0.125,0.25100002,0.59999996,1.13,85,23,0.064,-0.051000003,-0.038000003,0.23300001,4.37738,0,nan,0.0,0.0,0.0,0,4,1,1,1,23,0
581104930,0,1720616877875385,0,593961937,246605219,30016,48604,0.127,0.39377436,0.125,0.25100002,0.59999996,1.13,85,21,0.063,-0.029000001,0.056,0.19800001,4.37738,0,nan,0.0,0.0,0.0,0,4,1,1,1,23,0
581260544,0,1720616878000385,0,593961937,246605220,29966,48554,0.12200001,0.39377543,0.125,0.25100002,0.59999996,1.13,85,21,0.080000006,0.030000001,0.074,0.23900001,4.37738,0,nan,0.0,0.0,0.0,0,4,1,1,1,23,0
581359610,0,1720616878125385,0,593961937,246605223,29911,48499,0.117000006,0.56744736,0.124000005,0.25100002,0.59999996,1.13,85,21,0.123,0.024,0.12100001,0.291,3.4009855,0,nan,0.0,0.0,0.0,0,4,1,1,1,23,0
581486642,0,1720616878250385,0,593961939,246605225,29865,48453,0.102000006,0.359767,0.124000005,0.25100002,0.59999996,1.13,85,21,0.16900001,0.128,0.11000001,0.25500003,1.4825845,0,nan,0.0,0.0,0.0,0,4,1,1,1,23,0
581606344,0,1720616878375385,0,593961939,246605229,29769,48357,0.116000004,0.39197582,0.124000005,0.25100002,0.59999996,1.13,85,21,0.165,0.047000002,0.158,0.425,1.3908938,0,nan,0.0,0.0,0.0,0,4,1,1,1,23,0
581726146,0,1720616878500385,0,593961941,246605232,29729,48317,0.104,0.44633615,0.124000005,0.25100002,0.59999996,1.13,85,21,0.14500001,0.095000006,0.11000001,0.25800002,1.1580869,0,nan,0.0,0.0,0.0,0,4,1,1,1,23,0
581856076,0,1720616878625385,0,593961943,246605232,29662,48251,0.104,0.23768033,0.124000005,0.25100002,0.59999996,1.13,85,21,0.21900001,0.215,0.041,0.36200002,0.40361506,0,nan,0.0,0.0,0.0,0,4,1,1,1,23,0
581982180,0,1720616878750385,0,593961944,246605235,29611,48199,0.113000005,0.45948392,0.123,0.25100002,0.59999996,1.13,85,21,0.134,0.093,0.097,0.30900002,0.4889409,0,nan,0.0,0.0,0.0,0,4,1,1,1,23,0
582114846,0,1720616878875385,0,593961945,246605238,29530,48118,0.119,0.51207274,0.123,0.25100002,0.59999996,1.13,85,26,0.12200001,0.049000002,0.112,0.42800003,0.78767055,0,nan,0.0,0.0,0.0,0,4,1,1,1,23,0
582261802,0,1720616879000385,0,593961946,246605237,29413,48002,0.117000006,0.5120749,0.123,0.25100002,0.59999996,1.13,85,26,0.066,0.060000002,-0.028,0.652,0.78767055,0,nan,0.0,0.0,0.0,0,4,1,1,1,23,0
582362336,0,1720616879125385,0,593961946,246605238,29323,47911,0.124000005,0.5120766,0.123,0.25100002,0.59999996,1.13,85,26,0.027,-0.012,0.024,0.49800003,0.78767055,0,nan,0.0,0.0,0.0,0,4,1,1,1,23,0
582487258,0,1720616879250385,0,593961946,246605240,29283,47872,0.125,0.4524321,0.123,0.25100002,0.59999996,1.13,85,26,0.125,-0.059000004,0.11000001,0.29200003,1.5044748,0,nan,0.0,0.0,0.0,0,4,1,1,1,23,0
582611682,0,1720616879375385,0,593961945,246605241,29204,47792,0.127,0.55282307,0.123,0.25100002,0.59999996,1.13,85,26,0.102000006,-0.101,0.013,0.41700003,2.1089396,0,nan,0.0,0.0,0.0,0,4,1,1,1,23,0
582729670,0,1720616879500385,0,593961946,246605240,29149,47737,0.12100001,0.55282414,0.12200001,0.25100002,0.59999996,1.13,85,26,0.045,0.017,-0.042000003,0.337,2.1089396,0,nan,0.0,0.0,0.0,0,4,1,1,1,23,0
582862822,0,1720616879625385,0,593961945,246605241,29086,47675,0.12200001,0.34467074,0.12200001,0.25100002,0.59999996,1.13,85,26,0.14400001,-0.10300001,0.102000006,0.34,2.2905579,0,nan,0.0,0.0,0.0,0,4,1,1,1,23,0
582988864,0,1720616879750385,0,593961945,246605243,29047,47636,0.124000005,0.3446718,0.12200001,0.25,0.59999996,1.13,85,26,0.074,-0.072000004,0.021000002,0.21800001,2.2905579,0,nan,0.0,0.0,0.0,0,4,1,1,1,23,0
583112682,0,1720616879875385,0,593961944,246605243,29000,47588,0.11800001,0.34467304,0.12200001,0.25,0.59999996,1.13,85,22,0.087000005,-0.085,0.018000001,0.21900001,2.2905579,0,nan,0.0,0.0,0.0,0,4,1,1,1,23,0
583280708,0,1720616880000385,0,593961945,246605243,28943,47531,0.124000005,0.3446746,0.12200001,0.25,0.59999996,1.13,85,22,0.011000001,0.002,0.011000001,0.32200003,2.2905579,0,nan,0.0,0.0,0.0,0,4,1,1,1,23,0
583363726,0,1720616880125385,0,593961944,246605243,28881,47469,0.125,0.34467632,0.12200001,0.25,0.59999996,1.13,85,22,0.09,-0.09,0.004,0.33800003,2.2905579,0,nan,0.0,0.0,0.0,0,4,1,1,1,23,0
583484750,0,1720616880250385,0,593961943,246605243,28798,47386,0.124000005,0.37607604,0.12200001,0.25,0.59999996,1.13,85,22,0.143,-0.143,0.011000001,0.43100002,2.642744,0,nan,0.0,0.0,0.0,0,4,1,1,1,23,0
583608838,0,1720616880375385,0,593961941,246605244,28753,47342,0.120000005,0.48752683,0.12200001,0.24900001,0.59999996,1.13,85,22,0.10300001,-0.09,0.051000003,0.29700002,2.6357582,0,nan,0.0,0.0,0.0,0,4,1,1,1,23,0
583734798,0,1720616880500385,0,593961941,246605244,28718,47306,0.12100001,0.48752767,0.12200001,0.24900001,0.59999996,1.13,85,22,0.083000004,-0.081,-0.019000001,0.21900001,2.6357582,0,nan,0.0,0.0,0.0,0,4,1,1,1,23,0
583860172,0,1720616880625385,0,593961941,246605244,28701,47289,0.115,0.48752803,0.12200001,0.24900001,0.59999996,1.13,85,22,0.060000002,-0.058000002,0.017,0.080000006,2.6357582,0,nan,0.0,0.0,0.0,0,4,1,1,1,23,0
583983866,0,1720616880750385,0,593961940,246605246,28685,47273,0.087000005,0.40833375,0.12200001,0.24800001,0.59999996,1.13,85,22,0.12200001,-0.11000001,0.054,0.049000002,2.664097,0,nan,0.0,0.0,0.0,0,4,1,1,1,23,0
584108012,0,1720616880875385,0,593961939,246605247,28679,47268,0.082,0.40833408,0.12200001,0.24800001,0.59999996,1.13,85,20,0.057000004,-0.035,0.045,-0.041,2.664097,0,nan,0.0,0.0,0.0,0,4,1,1,1,23,0
584268610,0,1720616881000385,0,593961939,246605249,28642,47230,0.109000005,0.4083346,0.12200001,0.24800001,0.59999996,1.13,85,20,0.074,0.002,0.074,0.133,2.664097,0,nan,0.0,0.0,0.0,0,4,1,1,1,23,0
584361036,0,1720616881125385,0,593961937,246605250,28555,47143,0.125,0.4406452,0.12200001,0.24800001,0.59999996,1.13,85,20,0.1,-0.094000004,0.034,0.416,2.726133,0,nan,0.0,0.0,0.0,0,4,1,1,1,23,0
584488742,0,1720616881250385,0,593961937,246605253,28526,47114,0.097,0.31061903,0.12200001,0.24700001,0.59999996,1.13,85,20,0.17500001,-0.07700001,0.157,0.18300001,2.261003,0,nan,0.0,0.0,0.0,0,4,1,1,1,23,0
584606684,0,1720616881375385,0,593961935,246605255,28514,47103,0.071,0.38526326,0.12100001,0.24700001,0.59999996,1.13,85,20,0.13700001,-0.057000004,0.125,0.054,2.1569228,0,nan,0.0,0.0,0.0,0,4,1,1,1,23,0
584735674,0,1720616881500385,0,593961935,246605255,28520,47108,0.062000003,0.44456694,0.12100001,0.246,0.59999996,1.13,85,20,0.126,-0.116000004,-0.048,-0.059000004,2.7485428,0,nan,0.0,0.0,0.0,0,4,1,1,1,23,0
584859666,0,1720616881625385,0,593961935,246605250,28519,47107,0.053000003,0.23199683,0.12100001,0.246,0.59999996,1.13,85,20,0.28800002,-0.052,-0.28300002,-0.072000004,4.148199,0,nan,0.0,0.0,0.0,0,4,1,1,1,23,0
584986096,0,1720616881750385,0,593961935,246605231,28533,47121,0.060000002,0.076015025,0.12100001,0.246,0.59999996,1.13,85,20,0.85300004,0.021000002,-0.85300004,-0.15100001,4.680343,0,nan,0.0,0.0,0.0,0,4,1,1,1,23,0
585106014,0,1720616881875385,0,593961935,246605201,28525,47113,0.060000002,0.049049336,0.12100001,0.246,0.59999996,1.13,85,23,1.3470001,0.026,-1.3470001,-0.105000004,4.71661,0,nan,0.0,0.0,0.0,0,4,1,1,1,23,0
585263564,0,1720616882000385,0,593961939,246605157,28533,47121,0.060000002,0.031551015,0.12100001,0.246,0.59999996,1.13,85,23,2.0370002,0.27,-2.019,-0.119,4.807728,0,nan,0.0,0.0,0.0,0,4,1,1,1,23,0
585352608,0,1720616882125385,0,593961943,246605097,28531,47119,0.061000004,0.023839975,0.12200001,0.24700001,0.59999996,1.13,85,23,2.739,0.316,-2.72,-0.07700001,4.820787,0,nan,0.0,0.0,0.0,0,4,1,1,1,23,0
585483742,0,1720616882250385,0,593961949,246605025,28530,47118,0.061000004,0.020351237,0.12200001,0.24700001,0.59999996,1.13,85,23,3.315,0.514,-3.275,-0.058000002,4.848343,0,nan,0.0,0.0,0.0,0,4,1,1,1,23,0
585604788,0,1720616882375385,0,593961956,246604940,28534,47123,0.060000002,0.016246049,0.12200001,0.24700001,0.59999996,1.13,85,23,3.897,0.588,-3.8530002,-0.097,4.8579044,0,nan,0.0,0.0,0.0,0,4,1,1,1,23,0
585733426,0,1720616882500385,0,593961965,246604848,28503,47091,0.055000003,0.01502327,0.12200001,0.24800001,0.59999996,1.13,85,23,4.2380004,0.76400006,-4.169,0.067,4.877609,0,nan,0.0,0.0,0.0,0,4,1,1,1,23,0
585862820,0,1720616882625385,0,593961976,246604744,28501,47090,0.056,0.013673607,0.12200001,0.24800001,0.59999996,1.13,85,23,4.8170004,0.97,-4.7180004,0.040000003,4.8988194,0,nan,0.0,0.0,0.0,0,4,1,1,1,23,0
585984816,0,1720616882750385,0,593961987,246604629,28555,47144,0.057000004,0.012486259,0.12200001,0.24800001,0.59999996,1.13,85,23,5.2910004,0.93500006,-5.208,-0.37,4.893838,0,nan,0.0,0.0,0.0,0,4,1,1,1,23,0
586104132,0,1720616882875385,0,593962000,246604508,28616,47204,0.054,0.011368027,0.12100001,0.24700001,0.59999996,1.13,85,23,5.611,1.075,-5.5070004,-0.47300002,4.900377,0,nan,0.0,0.0,0.0,0,4,1,1,1,23,0
586280286,0,1720616883000385,0,593962013,246604380,28662,47250,0.054,0.010282083,0.12100001,0.24700001,0.59999996,1.13,85,23,5.9010005,1.1830001,-5.781,-0.40500003,4.9084597,0,nan,0.0,0.0,0.0,0,4,1,1,1,23,0
586359702,0,1720616883125385,0,593962027,246604244,28752,47341,0.055000003,0.01069625,0.12100001,0.24800001,0.59999996,1.13,85,23,6.2890005,1.1550001,-6.182,-0.61,4.902425,0,nan,0.0,0.0,0.0,0,4,1,1,1,22,0
586486772,0,1720616883250385,0,593962040,246604112,28804,47392,0.052,0.010033723,0.12100001,0.24700001,0.61,1.13,85,23,6.1150002,1.189,-5.999,-0.47300002,4.90562,0,nan,0.0,0.0,0.0,0,4,1,1,1,22,0
586596676,0,1720616883375385,0,593962052,246603986,28922,47511,0.067,0.012354487,0.12100001,0.24700001,0.61,1.13,85,23,5.8100004,1.054,-5.7130003,-0.81000006,4.9008875,0,nan,0.0,0.0,0.0,0,4,1,1,1,21,0
586735916,0,1720616883500385,0,593962060,246603869,29023,47612,0.063,0.012229347,0.12100001,0.246,0.63,1.14,85,23,5.333,0.69000006,-5.288,-0.8880001,4.869566,0,nan,0.0,0.0,0.0,0,4,1,1,1,23,0
586860448,0,1720616883625385,0,593962069,246603767,29093,47681,0.067,0.01434905,0.12200001,0.245,0.59999996,1.13,85,23,4.6870003,0.754,-4.6260004,-0.73700005,4.8715,0,nan,0.0,0.0,0.0,0,4,1,1,1,23,0
586986688,0,1720616883750385,0,593962074,246603685,29197,47785,0.063,0.017923832,0.12200001,0.24400002,0.59999996,1.13,85,23,3.782,0.347,-3.7660003,-0.84700006,4.8442197,0,nan,0.0,0.0,0.0,0,4,1,1,1,23,0
587099656,0,1720616883875385,0,593962076,246603617,29307,47896,0.065000005,0.022496248,0.12200001,0.24400002,0.59999996,1.13,85,23,3.1000001,0.21700001,-3.0930002,-0.89800006,4.819769,0,nan,0.0,0.0,0.0,0,4,1,1,1,23,0
587267672,0,1720616884000385,0,593962078,246603563,29405,47993,0.061000004,0.027671846,0.12200001,0.24300002,0.59999996,1.13,85,23,2.473,0.13900001,-2.469,-0.86300004,4.799139,0,nan,0.0,0.0,0.0,0,4,1,1,1,23,0
587356080,0,1720616884125385,0,593962076,246603524,29465,48053,0.061000004,0.045556758,0.12200001,0.24200001,0.59999996,1.13,85,23,1.728,-0.17500001,-1.7190001,-0.72300005,4.7481174,0,nan,0.0,0.0,0.0,0,4,1,1,1,23,0
587481890,0,1720616884250385,0,593962076,246603498,29578,48166,0.076000005,0.059923608,0.123,0.24200001,0.59999996,1.13,85,23,1.251,-0.047000002,-1.25,-0.906,4.7213607,0,nan,0.0,0.0,0.0,0,4,1,1,1,23,0
587596546,0,1720616884375385,0,593962074,246603479,29648,48237,0.07300001,0.09020123,0.123,0.24100001,0.59999996,1.13,85,23,0.88600004,-0.31800002,-0.827,-0.74600005,4.6062355,0,nan,0.0,0.0,0.0,0,4,1,1,1,22,0
587727150,0,1720616884500385,0,593962071,246603470,29747,48336,0.09,0.13997574,0.123,0.24100001,0.65,1.1899999,85,23,0.518,-0.29900002,-0.423,-0.83400005,4.4567604,0,nan,0.0,0.0,0.0,0,4,1,1,1,23,0
587854728,0,1720616884625386,0,593962067,246603464,29811,48400,0.093,0.1251305,0.123,0.24000001,0.59999996,1.13,85,23,0.48800004,-0.397,-0.284,-0.66700006,4.0709047,0,nan,0.0,0.0,0.0,0,4,1,1,1,23,0
587987370,0,1720616884750386,0,593962066,246603461,29912,48501,0.126,0.37886193,0.123,0.24000001,0.59999996,1.13,85,23,0.20300001,-0.12100001,-0.162,-0.82600003,4.070816,0,nan,0.0,0.0,0.0,0,4,1,1,1,23,0
588097272,0,1720616884875386,0,593962061,246603461,29983,48571,0.132,0.15465921,0.123,0.24000001,0.65999997,1.14,85,22,0.38200003,-0.38200003,0.003,-0.698,3.2675483,0,nan,0.0,0.0,0.0,0,4,1,1,1,20,0
588265656,0,1720616885000386,0,593962059,246603461,30063,48651,0.14600001,0.36252546,0.123,0.24000001,0.65999997,1.14,85,22,0.192,-0.192,-0.001,-0.72800004,3.2489903,0,nan,0.0,0.0,0.0,0,4,1,1,1,20,0
588351830,0,1720616885125386,0,593962055,246603463,30129,48718,0.13100001,0.2038274,0.123,0.24000001,0.65999997,1.14,85,22,0.27600002,-0.275,0.029000001,-0.637,3.0880136,0,nan,0.0,0.0,0.0,0,4,1,1,1,22,0
588478248,0,1720616885250386,0,593962053,246603462,30218,48807,0.135,0.25171068,0.123,0.24000001,0.61,1.13,85,22,0.238,-0.23500001,-0.037,-0.711,3.1715975,0,nan,0.0,0.0,0.0,0,4,1,1,1,22,0
588595836,0,1720616885375386,0,593962049,246603461,30288,48877,0.124000005,0.18667902,0.123,0.24000001,0.61,1.13,85,22,0.32000002,-0.316,-0.053000003,-0.605,3.2599647,0,nan,0.0,0.0,0.0,0,4,1,1,1,22,0
588728378,0,1720616885500386,0,593962045,246603458,30383,48971,0.104,0.15447891,0.123,0.24000001,0.61,1.13,85,22,0.46100003,-0.441,-0.134,-0.702,3.3644662,0,nan,0.0,0.0,0.0,0,4,1,1,1,21,0
588853738,0,1720616885625386,0,593962033,246603454,30465,49053,0.08800001,0.055739705,0.123,0.23900001,0.63,1.13,85,22,1.079,-1.0600001,-0.20300001,-0.69000006,3.3350308,0,nan,0.0,0.0,0.0,0,4,1,1,1,22,0
588979858,0,1720616885750386,0,593962017,246603447,30564,49153,0.094000004,0.055099867,0.124000005,0.23900001,0.61,1.13,85,22,1.4330001,-1.3920001,-0.34,-0.78400004,3.3585103,0,nan,0.0,0.0,0.0,0,4,1,1,1,22,0
589096666,0,1720616885875386,0,593961994,246603435,30645,49234,0.094000004,0.038570203,0.124000005,0.24000001,0.61,1.13,85,20,2.0770001,-2.0040002,-0.545,-0.711,3.391028,0,nan,0.0,0.0,0.0,0,4,1,1,1,23,0
589258804,0,1720616886000386,0,593961962,246603423,30719,49307,0.095000006,0.027285954,0.124000005,0.24000001,0.61,1.13,85,20,2.8960001,-2.835,-0.595,-0.689,3.3625143,0,nan,0.0,0.0,0.0,0,4,1,1,1,23,0
589350882,0,1720616886125386,0,593961923,246603405,30786,49374,0.08800001,0.021669658,0.125,0.24000001,0.61,1.13,85,20,3.3920002,-3.301,-0.78400004,-0.61,3.370167,0,nan,0.0,0.0,0.0,0,4,1,1,1,23,0
589477694,0,1720616886250386,0,593961878,246603389,30840,49428,0.089,0.018343935,0.125,0.24000001,0.59999996,1.13,85,20,4.1870003,-4.104,-0.832,-0.58000004,3.3533225,0,nan,0.0,0.0,0.0,0,4,1,1,1,23,0
589601204,0,1720616886375386,0,593961827,246603372,30916,49505,0.079,0.013775883,0.125,0.24000001,0.59999996,1.13,85,20,4.566,-4.498,-0.781,-0.65800005,3.3273964,0,nan,0.0,0.0,0.0,0,4,1,1,1,23,0
589727688,0,1720616886500386,0,593961770,246603347,30968,49556,0.083000004,0.014439458,0.125,0.24000001,0.59999996,1.13,85,20,5.0030003,-4.8780003,-1.113,-0.528,3.3465996,0,nan,0.0,0.0,0.0,0,4,1,1,1,23,0
589854284,0,1720616886625386,0,593961711,246603329,31049,49638,0.095000006,0.013509023,0.126,0.24000001,0.59999996,1.13,85,20,5.3820004,-5.314,-0.85300004,-0.66200006,3.3211644,0,nan,0.0,0.0,0.0,0,4,1,1,1,23,0
589977244,0,1720616886750386,0,593961649,246603305,31092,49681,0.093,0.013244606,0.126,0.24000001,0.59999996,1.13,85,20,5.5460005,-5.438,-1.0860001,-0.536,3.330532,0,nan,0.0,0.0,0.0,0,4,1,1,1,23,0
590102656,0,1720616886875386,0,593961583,246603283,31156,49745,0.08800001,0.011668921,0.126,0.24000001,0.59999996,1.13,85,28,5.9110003,-5.8170004,-1.052,-0.555,3.3245928,0,nan,0.0,0.0,0.0,0,4,1,1,1,23,0
590271172,0,1720616887000386,0,593961516,246603259,31183,49771,0.078,0.010914242,0.126,0.24000001,0.61,1.13,85,28,6.0940003,-5.985,-1.148,-0.42400002,3.3283274,0,nan,0.0,0.0,0.0,0,4,1,1,1,22,0
590351314,0,1720616887125386,0,593961444,246603234,31239,49828,0.080000006,0.009552885,0.126,0.24000001,0.61,1.13,85,28,6.4480004,-6.3500004,-1.12,-0.47800002,3.3209236,0,nan,0.0,0.0,0.0,0,4,1,1,1,23,0
590476668,0,1720616887250386,0,593961370,246603206,31270,49859,0.081,0.009467014,0.127,0.24000001,0.59999996,1.13,85,28,6.7260003,-6.602,-1.286,-0.36900002,3.3282418,0,nan,0.0,0.0,0.0,0,4,1,1,1,23,0
590601474,0,1720616887375386,0,593961293,246603177,31320,49908,0.078,0.009110269,0.127,0.24100001,0.59999996,1.13,85,28,6.952,-6.8370004,-1.2620001,-0.41200003,3.3258874,0,nan,0.0,0.0,0.0,0,4,1,1,1,22,0
590728334,0,1720616887500386,0,593961216,246603144,31359,49948,0.071,0.008225911,0.127,0.24100001,0.65,1.1899999,85,28,7.0390005,-6.8740005,-1.5150001,-0.40800002,3.3459125,0,nan,0.0,0.0,0.0,0,4,1,1,1,23,0
590852770,0,1720616887625386,0,593961130,246603116,31370,49959,0.067,0.007037516,0.127,0.24100001,0.59999996,1.13,85,28,7.6200004,-7.5020003,-1.3390001,-0.30400002,3.3278024,0,nan,0.0,0.0,0.0,0,4,1,1,1,23,0
590977672,0,1720616887750386,0,593961049,246603082,31421,50009,0.067,0.0073630204,0.127,0.24100001,0.59999996,1.13,85,28,7.4080005,-7.2390003,-1.5740001,-0.39600003,3.3439913,0,nan,0.0,0.0,0.0,0,4,1,1,1,23,0
591107670,0,1720616887875386,0,593960963,246603046,31419,50007,0.068,0.007036469,0.127,0.24100001,0.59999996,1.13,85,25,7.747,-7.5730004,-1.636,-0.18,3.3503969,0,nan,0.0,0.0,0.0,0,4,1,1,1,23,0
591270772,0,1720616888000386,0,593960876,246603013,31474,50063,0.065000005,0.0068921307,0.127,0.24100001,0.59999996,1.13,85,25,7.9200006,-7.7760005,-1.5040001,-0.39800003,3.3394065,0,nan,0.0,0.0,0.0,0,4,1,1,1,23,0
591353196,0,1720616888125386,0,593960786,246602978,31482,50071,0.063,0.006786538,0.127,0.24100001,0.59999996,1.13,85,25,8.092,-7.932,-1.603,-0.26000002,3.341039,0,nan,0.0,0.0,0.0,0,4,1,1,1,23,0
591472882,0,1720616888250386,0,593960697,246602946,31510,50099,0.066,0.0072539374,0.127,0.24200001,0.59999996,1.13,85,25,8.007,-7.8740005,-1.455,-0.291,3.3243148,0,nan,0.0,0.0,0.0,0,4,1,1,1,23,0
591603250,0,1720616888375386,0,593960607,246602912,31555,50143,0.066,0.0070970324,0.128,0.24200001,0.59999996,1.13,85,25,8.1,-7.9440002,-1.5810001,-0.35700002,3.3380208,0,nan,0.0,0.0,0.0,0,4,1,1,1,23,0
591723794,0,1720616888500386,0,593960518,246602877,31568,50156,0.066,0.0064386935,0.127,0.24200001,0.59999996,1.13,85,25,8.146001,-7.9930005,-1.5680001,-0.26500002,3.335309,0,nan,0.0,0.0,0.0,0,4,1,1,1,23,0
591855268,0,1720616888625386,0,593960432,246602845,31610,50199,0.065000005,0.0062877233,0.127,0.24200001,0.59999996,1.13,85,25,7.675,-7.5290003,-1.4900001,-0.38700002,3.3363817,0,nan,0.0,0.0,0.0,0,4,1,1,1,23,0
591974304,0,1720616888750386,0,593960352,246602813,31646,50235,0.063,0.0073968796,0.127,0.24200001,0.59999996,1.13,85,25,7.2910004,-7.1440005,-1.457,-0.38500002,3.33987,0,nan,0.0,0.0,0.0,0,4,1,1,1,23,0
592104314,0,1720616888875386,0,593960279,246602784,31680,50269,0.052,0.007553086,0.127,0.24100001,0.59999996,1.13,85,25,6.6010003,-6.465,-1.3330001,-0.323,3.3427644,0,nan,0.0,0.0,0.0,0,4,1,1,1,23,0
592258680,0,1720616889000386,0,593960213,246602756,31713,50302,0.052,0.008077558,0.127,0.24100001,0.59999996,1.13,85,25,5.9340005,-5.8,-1.251,-0.30200002,3.3489106,0,nan,0.0,0.0,0.0,0,4,1,1,1,23,0
592354742,0,1720616889125386,0,593960157,246602732,31767,50356,0.051000003,0.009692336,0.127,0.24100001,0.59999996,1.13,85,25,5.1410003,-5.025,-1.085,-0.40500003,3.3513646,0,nan,0.0,0.0,0.0,0,4,1,1,1,23,0
592474776,0,1720616889250386,0,593960109,246602709,31816,50404,0.052,0.011187908,0.126,0.24100001,0.59999996,1.13,85,25,4.4490004,-4.327,-1.034,-0.36200002,3.3629184,0,nan,0.0,0.0,0.0,0,4,1,1,1,23,0
592605974,0,1720616889375386,0,593960070,246602691,31873,50461,0.05,0.013856866,0.126,0.24000001,0.59999996,1.13,85,25,3.6650002,-3.581,-0.78400004,-0.41500002,3.3604567,0,nan,0.0,0.0,0.0,0,4,1,1,1,23,0
592729668,0,1720616889500386,0,593960036,246602675,31945,50534,0.049000002,0.016789543,0.126,0.24000001,0.59999996,1.13,85,25,3.0110002,-2.913,-0.76400006,-0.532,3.376209,0,nan,0.0,0.0,0.0,0,4,1,1,1,23,0
592852888,0,1720616889625386,0,593960010,246602660,31987,50576,0.052,0.022349289,0.126,0.24000001,0.59999996,1.13,85,25,2.413,-2.3300002,-0.628,-0.43,3.3868027,0,nan,0.0,0.0,0.0,0,4,1,1,1,23,0
592969678,0,1720616889750386,0,593959992,246602651,32055,50643,0.049000002,0.026560595,0.126,0.24000001,0.59999996,1.13,85,25,1.7580001,-1.7090001,-0.41200003,-0.5,3.3831162,0,nan,0.0,0.0,0.0,0,4,1,1,1,23,0
593106112,0,1720616889875386,0,593959979,246602642,32110,50699,0.053000003,0.04547909,0.126,0.23900001,0.59999996,1.13,85,25,1.2240001,-1.1580001,-0.397,-0.497,3.405733,0,nan,0.0,0.0,0.0,0,4,1,1,1,23,0
593266560,0,1720616890000386,0,593959974,246602638,32190,50779,0.076000005,0.098761894,0.125,0.23900001,0.59999996,1.13,85,25,0.58100003,-0.536,-0.224,-0.56100005,3.4287803,0,nan,0.0,0.0,0.0,0,4,1,1,1,23,0
593356956,0,1720616890125386,0,593959973,246602635,32259,50848,0.117000006,0.37739027,0.125,0.23900001,0.59999996,1.13,85,25,0.158,-0.07700001,-0.13800001,-0.574,3.4785652,0,nan,0.0,0.0,0.0,0,4,1,1,1,23,0
593470760,0,1720616890250386,0,593959979,246602633,32362,50951,0.11400001,0.08569828,0.125,0.23900001,0.59999996,1.13,85,25,0.537,0.53400004,-0.063,-0.72,6.033813,0,nan,0.0,0.0,0.0,0,4,1,1,1,23,0
593604772,0,1720616890375386,0,593959988,246602635,32434,51023,0.102000006,0.05515851,0.125,0.23900001,0.59999996,1.13,85,25,0.901,0.89800006,0.078,-0.661,6.2713203,0,nan,0.0,0.0,0.0,0,4,1,1,1,23,0
593728654,0,1720616890500386,0,593960004,246602636,32486,51074,0.083000004,0.031518724,0.125,0.23900001,0.59999996,1.13,85,25,1.4760001,1.4760001,0.028,-0.56200004,0.011222118,0,nan,0.0,0.0,0.0,0,4,1,1,1,23,0
593851354,0,1720616890625386,0,593960024,246602641,32551,51140,0.081,0.028632648,0.125,0.23900001,0.59999996,1.13,85,25,1.8270001,1.8100001,0.25100002,-0.592,0.0808515,0,nan,0.0,0.0,0.0,0,4,1,1,1,23,0
593971662,0,1720616890750386,0,593960053,246602645,32644,51233,0.07700001,0.020481786,0.125,0.23900001,0.59999996,1.13,85,25,2.4540002,2.444,0.21800001,-0.68200004,0.086111404,0,nan,0.0,0.0,0.0,0,4,1,1,1,23,0
594102680,0,1720616890875386,0,593960084,246602654,32682,51271,0.07,0.017966943,0.124000005,0.23900001,0.59999996,1.13,85,27,2.798,2.7670002,0.41700003,-0.47300002,0.122308835,0,nan,0.0,0.0,0.0,0,4,1,1,1,23,0
594265734,0,1720616891000386,0,593960121,246602662,32764,51352,0.07300001,0.015414572,0.124000005,0.238,0.59999996,1.13,85,27,3.272,3.249,0.38500002,-0.61200005,0.11968718,0,nan,0.0,0.0,0.0,0,4,1,1,1,23,0
594353948,0,1720616891125386,0,593960162,246602675,32804,51393,0.069000006,0.013837145,0.124000005,0.238,0.59999996,1.13,85,27,3.732,3.6910002,0.55700004,-0.45800003,0.13681008,0,nan,0.0,0.0,0.0,0,4,1,1,1,23,0
594473708,0,1720616891250386,0,593960209,246602687,32861,51450,0.067,0.012924686,0.124000005,0.238,0.59999996,1.13,85,27,4.191,4.15,0.58900005,-0.483,0.13916016,0,nan,0.0,0.0,0.0,0,4,1,1,1,23,0
594603658,0,1720616891375386,0,593960259,246602703,32893,51482,0.07,0.012603546,0.124000005,0.238,0.59999996,1.13,85,27,4.5070004,4.446,0.73600006,-0.418,0.15248626,0,nan,0.0,0.0,0.0,0,4,1,1,1,23,0
594732658,0,1720616891500386,0,593960315,246602718,32970,51559,0.068,0.010846872,0.124000005,0.238,0.59999996,1.13,85,27,5.1010003,5.0540004,0.694,-0.582,0.14291541,0,nan,0.0,0.0,0.0,0,4,1,1,1,23,0
594854722,0,1720616891625386,0,593960374,246602738,33006,51595,0.064,0.009841736,0.124000005,0.238,0.59999996,1.13,85,27,5.2830005,5.21,0.878,-0.42700002,0.1569318,0,nan,0.0,0.0,0.0,0,4,1,1,1,23,0
594974164,0,1720616891750386,0,593960436,246602757,33035,51624,0.060000002,0.009109572,0.123,0.238,0.59999996,1.13,85,27,5.609,5.544,0.85300004,-0.34600002,0.15439373,0,nan,0.0,0.0,0.0,0,4,1,1,1,23,0
595104738,0,1720616891875386,0,593960503,246602779,33080,51669,0.058000002,0.008522093,0.123,0.238,0.59999996,1.13,85,22,6.071,5.9940004,0.96900004,-0.365,0.15781774,0,nan,0.0,0.0,0.0,0,4,1,1,1,23,0
595259470,0,1720616892000386,0,593960573,246602803,33095,51684,0.060000002,0.00842226,0.123,0.238,0.59999996,1.13,85,22,6.334,6.2380004,1.0990001,-0.273,0.1673055,0,nan,0.0,0.0,0.0,0,4,1,1,1,23,0
595354722,0,1720616892125386,0,593960645,246602825,33083,51672,0.057000004,0.0076047485,0.123,0.238,0.59999996,1.13,85,22,6.616,6.5360003,1.023,-0.10300001,0.15983428,0,nan,0.0,0.0,0.0,0,4,1,1,1,23,0
595475012,0,1720616892250386,0,593960725,246602852,33128,51717,0.058000002,0.0066270153,0.123,0.238,0.59999996,1.13,85,22,7.0940003,6.9870005,1.225,-0.34600002,0.168777,0,nan,0.0,0.0,0.0,0,4,1,1,1,23,0
595604732,0,1720616892375386,0,593960806,246602879,33160,51749,0.061000004,0.007665835,0.123,0.238,0.59999996,1.13,85,22,7.2840004,7.1740003,1.2620001,-0.363,0.17167285,0,nan,0.0,0.0,0.0,0,4,1,1,1,23,0
595729956,0,1720616892500386,0,593960887,246602909,33186,51775,0.067,0.0075801387,0.123,0.238,0.59999996,1.13,85,22,7.4540005,7.3410006,1.292,-0.35700002,0.17316964,0,nan,0.0,0.0,0.0,0,4,1,1,1,23,0
595855660,0,1720616892625386,0,593960972,246602939,33207,51796,0.060000002,0.0067631504,0.123,0.238,0.59999996,1.13,85,22,7.5420003,7.4160004,1.3750001,-0.307,0.17974885,0,nan,0.0,0.0,0.0,0,4,1,1,1,23,0
595973670,0,1720616892750386,0,593961057,246602969,33273,51861,0.055000003,0.0063943625,0.123,0.23700002,0.59999996,1.13,85,22,7.7890005,7.6720004,1.3470001,-0.47000003,0.17593426,0,nan,0.0,0.0,0.0,0,4,1,1,1,23,0
596105984,0,1720616892875386,0,593961144,246602996,33298,51887,0.058000002,0.0065462063,0.123,0.23700002,0.59999996,1.13,85,21,7.7310004,7.629,1.2540001,-0.377,0.16798498,0,nan,0.0,0.0,0.0,0,4,1,1,1,23,0
596272662,0,1720616893000386,0,593961230,246603024,33321,51909,0.062000003,0.0066626193,0.12200001,0.23700002,0.59999996,1.13,85,21,7.8380003,7.7330003,1.274,-0.312,0.16510378,0,nan,0.0,0.0,0.0,0,4,1,1,1,23,0
596362530,0,1720616893125386,0,593961318,246603052,33330,51919,0.059000004,0.0069228485,0.12200001,0.23700002,0.59999996,1.13,85,21,7.8980002,7.7990003,1.2470001,-0.22100002,0.16116945,0,nan,0.0,0.0,0.0,0,4,1,1,1,23,0
596491300,0,1720616893250386,0,593961406,246603077,33367,51956,0.059000004,0.0065736077,0.12200001,0.23700002,0.59999996,1.13,85,21,7.9670005,7.8750005,1.2110001,-0.326,0.15568075,0,nan,0.0,0.0,0.0,0,4,1,1,1,23,0
596611300,0,1720616893375386,0,593961494,246603107,33355,51944,0.062000003,0.006237981,0.12200001,0.23700002,0.59999996,1.13,85,21,7.9660006,7.859,1.302,-0.134,0.16115183,0,nan,0.0,0.0,0.0,0,4,1,1,1,23,0
596739658,0,1720616893500386,0,593961582,246603134,33389,51978,0.061000004,0.0061461767,0.12200001,0.23700002,0.59999996,1.13,85,21,7.9620004,7.8580003,1.2830001,-0.30800003,0.16161068,0,nan,0.0,0.0,0.0,0,4,1,1,1,23,0
596855914,0,1720616893625386,0,593961671,246603164,33406,51994,0.063,0.006210754,0.12200001,0.23700002,0.59999996,1.13,85,21,8.017,7.9110003,1.299,-0.252,0.16278616,0,nan,0.0,0.0,0.0,0,4,1,1,1,23,0
596987786,0,1720616893750386,0,593961758,246603195,33439,52028,0.062000003,0.006435203,0.12200001,0.23700002,0.59999996,1.13,85,21,7.9210005,7.8,1.381,-0.317,0.17041656,0,nan,0.0,0.0,0.0,0,4,1,1,1,23,0
597106686,0,1720616893875386,0,593961841,246603226,33486,52075,0.068,0.0065346872,0.12200001,0.23700002,0.59999996,1.13,85,24,7.55,7.419,1.399,-0.48100004,0.18019703,0,nan,0.0,0.0,0.0,0,4,1,1,1,23,0
597272418,0,1720616894000387,0,593961923,246603253,33608,52197,0.076000005,0.007751356,0.12200001,0.23700002,0.59999996,1.13,85,24,7.3480005,7.2420006,1.2440001,-0.90400004,0.17485145,0,nan,0.0,0.0,0.0,0,4,1,1,1,22,0
597350804,0,1720616894125387,0,593961996,246603277,33709,52298,0.095000006,0.009353044,0.123,0.23700002,0.65,1.1899999,85,24,6.6720004,6.583,1.088,-0.84300005,0.16945122,0,nan,0.0,0.0,0.0,0,4,1,1,1,22,0
597483176,0,1720616894250387,0,593962064,246603298,33809,52398,0.108,0.012494463,0.123,0.23700002,0.65,1.1899999,85,24,6.1330004,6.0540004,0.98100007,-0.832,0.16581464,0,nan,0.0,0.0,0.0,0,4,1,1,1,23,0
597608726,0,1720616894375387,0,593962121,246603317,33929,52518,0.1,0.013334489,0.124000005,0.23700002,0.59999996,1.13,85,24,5.184,5.111,0.86700004,-0.99100006,0.16688664,0,nan,0.0,0.0,0.0,0,4,1,1,1,22,0
597734770,0,1720616894500387,0,593962171,246603334,33995,52584,0.086,0.013229072,0.124000005,0.23700002,0.65999997,1.17,85,24,4.533,4.473,0.73600006,-0.772,0.16483411,0,nan,0.0,0.0,0.0,0,4,1,1,1,24,0
597847796,0,1720616894625387,0,593962214,246603346,34058,52647,0.091000006,0.01622912,0.124000005,0.23700002,0.59,1.11,85,24,3.8780003,3.8390002,0.544,-0.669,0.15484229,0,nan,0.0,0.0,0.0,0,4,1,1,1,24,0
597984042,0,1720616894750387,0,593962245,246603357,34147,52735,0.08400001,0.021383425,0.124000005,0.23700002,0.59,1.11,85,24,2.8400002,2.7940001,0.512,-0.731,0.16475262,0,nan,0.0,0.0,0.0,0,4,1,1,1,24,0
598110622,0,1720616894875387,0,593962271,246603362,34243,52831,0.08400001,0.022914601,0.125,0.23700002,0.59999996,1.11,84,25,2.365,2.351,0.25800002,-0.763,0.13871475,0,nan,0.0,0.0,0.0,0,4,1,1,1,23,0
598275706,0,1720616895000387,0,593962287,246603368,34263,52851,0.089,0.041209143,0.125,0.23700002,0.59999996,1.11,84,25,1.442,1.4130001,0.289,-0.46,0.15376402,0,nan,0.0,0.0,0.0,0,4,1,1,1,23,0
598345490,0,1720616895125387,0,593962297,246603368,34340,52929,0.101,0.054064885,0.125,0.23700002,0.59999996,1.11,84,25,0.96500003,0.96500003,-0.003,-0.638,0.09612331,0,nan,0.0,0.0,0.0,0,4,1,1,1,23,0
598475658,0,1720616895250387,0,593962300,246603369,34416,53005,0.117000006,0.20680511,0.126,0.23700002,0.59999996,1.11,84,25,0.22800002,0.22700001,0.016,-0.697,0.09433365,0,nan,0.0,0.0,0.0,0,4,1,1,1,23,0
598599830,0,1720616895375387,0,593962298,246603365,34404,52992,0.098000005,0.35675034,0.126,0.23700002,0.64,1.16,84,25,0.21100001,-0.023000002,-0.21000001,-0.319,5.931025,0,nan,0.0,0.0,0.0,0,4,1,1,1,24,0
598728660,0,1720616895500387,0,593962297,246603362,34510,53098,0.117000006,0.42164412,0.126,0.23600002,0.59,1.11,84,25,0.136,-0.117000006,-0.068,-0.762,4.985893,0,nan,0.0,0.0,0.0,0,4,1,1,1,24,0
598842718,0,1720616895625387,0,593962295,246603362,34529,53117,0.123,0.42164606,0.126,0.23700002,0.59,1.11,84,25,0.060000002,-0.008,-0.060000002,-0.453,4.985893,0,nan,0.0,0.0,0.0,0,4,1,1,1,24,0
598975668,0,1720616895750387,0,593962297,246603362,34592,53180,0.119,0.28606364,0.125,0.23700002,0.59,1.11,84,25,0.15400001,0.15400001,0.009000001,-0.57500005,5.916081,0,nan,0.0,0.0,0.0,0,4,1,1,1,24,0
599109286,0,1720616895875387,0,593962307,246603363,34642,53231,0.09,0.048840072,0.125,0.23700002,0.59,1.11,85,25,0.915,0.91300005,0.063,-0.55,0.056945555,0,nan,0.0,0.0,0.0,0,4,1,1,1,23,0
599280676,0,1720616896000387,0,593962318,246603368,34661,53250,0.083000004,0.04302306,0.125,0.23700002,0.59999996,1.14,85,25,1.1340001,1.115,0.20500001,-0.43600002,0.12749332,0,nan,0.0,0.0,0.0,0,4,1,1,1,24,0
599351876,0,1720616896125387,0,593962339,246603371,34750,53338,0.07700001,0.024057267,0.125,0.23700002,0.59,1.11,85,25,1.8600001,1.8550001,0.135,-0.646,0.08576339,0,nan,0.0,0.0,0.0,0,4,1,1,1,24,0
599489980,0,1720616896250387,0,593962364,246603378,34829,53417,0.07300001,0.019241206,0.125,0.23700002,0.59,1.11,85,25,2.3160002,2.2930002,0.32200003,-0.66700006,0.118844174,0,nan,0.0,0.0,0.0,0,4,1,1,1,24,0
599612708,0,1720616896375387,0,593962393,246603384,34877,53465,0.066,0.017004741,0.125,0.23700002,0.59,1.11,85,25,2.595,2.578,0.296,-0.54,0.11618622,0,nan,0.0,0.0,0.0,0,4,1,1,1,24,0
599736482,0,1720616896500387,0,593962424,246603395,34971,53560,0.067,0.016340645,0.125,0.23700002,0.59,1.11,85,25,2.8460002,2.805,0.48000002,-0.707,0.14436455,0,nan,0.0,0.0,0.0,0,4,1,1,1,24,0
599849698,0,1720616896625387,0,593962452,246603402,35041,53629,0.082,0.019791335,0.125,0.23600002,0.59,1.11,85,25,2.536,2.503,0.404,-0.71000004,0.15084845,0,nan,0.0,0.0,0.0,0,4,1,1,1,24,0
599984720,0,1720616896750387,0,593962478,246603411,35171,53759,0.082,0.021419203,0.125,0.23600002,0.59,1.11,85,25,2.3390002,2.3160002,0.32700002,-1.0040001,0.14591947,0,nan,0.0,0.0,0.0,0,4,1,1,1,24,0
600104720,0,1720616896875387,0,593962495,246603414,35236,53825,0.09200001,0.034188207,0.125,0.23600002,0.59,1.11,91,26,1.5600001,1.549,0.18400002,-0.74,0.13807753,0,nan,0.0,0.0,0.0,0,4,1,1,1,22,0
600268674,0,1720616897000387,0,593962508,246603416,35328,53916,0.09,0.03780191,0.125,0.23600002,0.65999997,1.16,91,26,1.289,1.2850001,0.10700001,-0.75100005,0.11337675,0,nan,0.0,0.0,0.0,0,4,1,1,1,23,0
600351656,0,1720616897125387,0,593962519,246603417,35311,53900,0.083000004,0.052956954,0.126,0.23600002,0.64,1.16,91,26,0.929,0.92300004,0.10300001,-0.18100001,0.112740934,0,nan,0.0,0.0,0.0,0,4,1,1,1,24,0
600487376,0,1720616897250387,0,593962526,246603417,35282,53871,0.071,0.06337029,0.126,0.23600002,0.59,1.11,91,26,0.70400006,0.702,-0.047000002,0.055000003,0.03877912,0,nan,0.0,0.0,0.0,0,4,1,1,1,24,0
600611690,0,1720616897375387,0,593962528,246603414,35280,53868,0.075,0.17218335,0.126,0.23600002,0.59,1.11,91,26,0.259,0.22000001,-0.136,-0.05,6.251304,0,nan,0.0,0.0,0.0,0,4,1,1,1,24,0
600737676,0,1720616897500387,0,593962526,246603410,35254,53842,0.053000003,0.37224835,0.126,0.23700002,0.59999996,1.11,91,26,0.2,-0.076000005,-0.185,0.053000003,5.9112124,0,nan,0.0,0.0,0.0,0,4,1,1,1,23,0
600853120,0,1720616897625387,0,593962522,246603405,35212,53801,0.07,0.12892921,0.126,0.23700002,0.59999996,1.11,91,26,0.446,-0.402,-0.192,0.136,3.836701,0,nan,0.0,0.0,0.0,0,4,1,1,1,24,0
600983670,0,1720616897750387,0,593962516,246603399,35149,53737,0.086,0.107815966,0.126,0.23700002,0.59,1.11,91,26,0.52900004,-0.47800002,-0.22700001,0.293,3.6891477,0,nan,0.0,0.0,0.0,0,4,1,1,1,24,0
601108512,0,1720616897875387,0,593962510,246603395,35137,53726,0.064,0.08655263,0.126,0.238,0.59,1.11,91,21,0.614,-0.578,-0.20700002,0.10700001,3.5651405,0,nan,0.0,0.0,0.0,0,4,1,1,1,24,0
601284794,0,1720616898000387,0,593962504,246603390,35116,53704,0.062000003,0.08725913,0.126,0.238,0.59999996,1.11,91,21,0.587,-0.55300003,-0.19500001,0.09200001,3.523076,0,nan,0.0,0.0,0.0,0,4,1,1,1,23,0
601358320,0,1720616898125387,0,593962497,246603386,35085,53673,0.064,0.08164004,0.126,0.238,0.59999996,1.11,91,21,0.564,-0.53800005,-0.171,0.15400001,3.4835372,0,nan,0.0,0.0,0.0,0,4,1,1,1,25,0
601490598,0,1720616898250387,0,593962491,246603384,35020,53608,0.095000006,0.08859413,0.126,0.238,0.57,1.09,91,21,0.512,-0.503,-0.096,0.34500003,3.4127727,0,nan,0.0,0.0,0.0,0,4,1,1,1,25,0
601604800,0,1720616898375387,0,593962486,246603381,35000,53589,0.086,0.15311214,0.125,0.238,0.57,1.09,91,21,0.33,-0.307,-0.120000005,0.18100001,3.4379306,0,nan,0.0,0.0,0.0,0,4,1,1,1,25,0
601729730,0,1720616898500387,0,593962483,246603380,34930,53518,0.10700001,0.13425823,0.125,0.238,0.57,1.09,91,21,0.326,-0.317,-0.075,0.35500002,3.4018402,0,nan,0.0,0.0,0.0,0,4,1,1,1,25,0
601849712,0,1720616898625387,0,593962479,246603380,34891,53480,0.1,0.13648212,0.125,0.238,0.57,1.09,91,21,0.30400002,-0.30400002,0.0,0.284,3.2732825,0,nan,0.0,0.0,0.0,0,4,1,1,1,25,0
601983890,0,1720616898750387,0,593962478,246603380,34819,53408,0.12100001,0.13648753,0.125,0.238,0.57,1.09,91,21,0.015000001,-0.001,0.015000001,0.42600003,3.2732825,0,nan,0.0,0.0,0.0,0,4,1,1,1,25,0
602105660,0,1720616898875387,0,593962475,246603380,34752,53340,0.115,0.21367629,0.124000005,0.238,0.57,1.09,91,23,0.19800001,-0.19700001,-0.011000001,0.43400002,3.2506115,0,nan,0.0,0.0,0.0,0,4,1,1,1,25,0
602261660,0,1720616899000387,0,593962473,246603383,34667,53255,0.113000005,0.34817645,0.124000005,0.238,0.57,1.09,91,23,0.147,-0.07300001,0.128,0.574,2.932839,0,nan,0.0,0.0,0.0,0,4,1,1,1,24,0
602361036,0,1720616899125387,0,593962473,246603384,34546,53134,0.112,0.3481804,0.124000005,0.238,0.58,1.09,91,23,0.095000006,0.09,0.031000001,0.80100006,2.932839,0,nan,0.0,0.0,0.0,0,4,1,1,1,24,0
602487252,0,1720616899250387,0,593962470,246603388,34451,53039,0.12900001,0.23152089,0.124000005,0.23900001,0.58,1.09,91,23,0.21700001,-0.17500001,0.128,0.707,2.639529,0,nan,0.0,0.0,0.0,0,4,1,1,1,25,0
602611924,0,1720616899375387,0,593962469,246603390,34349,52937,0.11800001,0.23152663,0.124000005,0.23900001,0.57,1.09,91,23,0.091000006,0.053000003,0.07300001,0.76900005,2.639529,0,nan,0.0,0.0,0.0,0,4,1,1,1,24,0
602735148,0,1720616899500387,0,593962469,246603391,34257,52845,0.12100001,0.45086253,0.123,0.23900001,0.58,1.09,91,23,0.105000004,0.1,0.030000001,0.77500004,2.1492345,0,nan,0.0,0.0,0.0,0,4,1,1,1,24,0
602861288,0,1720616899625387,0,593962469,246603391,34157,52745,0.125,0.45086566,0.123,0.24000001,0.62,1.13,91,23,0.066,0.058000002,-0.032,0.794,2.1492345,0,nan,0.0,0.0,0.0,0,4,1,1,1,25,0
602986660,0,1720616899750387,0,593962469,246603391,34084,52672,0.11800001,0.4508681,0.123,0.24000001,0.57,1.09,91,23,0.030000001,0.030000001,-0.004,0.65300006,2.1492345,0,nan,0.0,0.0,0.0,0,4,1,1,1,24,0
603111242,0,1720616899875387,0,593962468,246603397,33948,52537,0.106000006,0.2341921,0.123,0.24000001,0.59999996,1.13,91,24,0.268,-0.048,0.263,0.92600006,1.8349295,0,nan,0.0,0.0,0.0,0,4,1,1,1,24,0
603266668,0,1720616900000387,0,593962468,246603403,33838,52427,0.098000005,0.29173562,0.123,0.24000001,0.58,1.09,91,24,0.268,0.010000001,0.268,0.87200004,1.717464,0,nan,0.0,0.0,0.0,0,4,1,1,1,24,0
603363722,0,1720616900125387,0,593962465,246603418,33753,52342,0.083000004,0.096409366,0.124000005,0.24000001,0.58,1.09,91,24,0.707,-0.186,0.68200004,0.77500004,1.8255589,0,nan,0.0,0.0,0.0,0,4,1,1,1,24,0
603486008,0,1720616900250387,0,593962460,246603444,33643,52231,0.072000004,0.04472947,0.124000005,0.24000001,0.58,1.09,91,24,1.3260001,-0.47900003,1.2370001,0.85600007,1.9200358,0,nan,0.0,0.0,0.0,0,4,1,1,1,24,0
603610156,0,1720616900375387,0,593962451,246603487,33514,52103,0.071,0.029974807,0.124000005,0.23900001,0.58,1.09,91,24,2.016,-0.69500005,1.8920001,0.94200003,1.9219038,0,nan,0.0,0.0,0.0,0,4,1,1,1,25,0
603726684,0,1720616900500387,0,593962442,246603539,33426,52014,0.07300001,0.026946137,0.124000005,0.23900001,0.57,1.09,91,24,2.536,-0.76000005,2.42,0.767,1.8958418,0,nan,0.0,0.0,0.0,0,4,1,1,1,24,0
603862816,0,1720616900625387,0,593962429,246603609,33313,51901,0.078,0.020313013,0.124000005,0.23900001,0.58,1.09,91,24,3.325,-1.176,3.111,0.827,1.9191835,0,nan,0.0,0.0,0.0,0,4,1,1,1,25,0
603986688,0,1720616900750387,0,593962415,246603692,33212,51800,0.068,0.014918725,0.125,0.238,0.57,1.09,91,24,3.9870002,-1.228,3.7930002,0.78900003,1.8959867,0,nan,0.0,0.0,0.0,0,4,1,1,1,25,0
604110686,0,1720616900875387,0,593962399,246603785,33108,51697,0.065000005,0.012855746,0.125,0.238,0.57,1.09,92,22,4.4960003,-1.3790001,4.2790003,0.795,1.8880123,0,nan,0.0,0.0,0.0,0,4,1,1,1,25,0
604273664,0,1720616901000387,0,593962385,246603887,33027,51616,0.060000002,0.01272153,0.125,0.23700002,0.57,1.09,92,22,4.7240005,-1.223,4.563,0.68600005,1.8586856,0,nan,0.0,0.0,0.0,0,4,1,1,1,25,0
604367218,0,1720616901125387,0,593962367,246603989,32939,51527,0.052,0.011143577,0.125,0.23700002,0.57,1.09,92,22,4.9220004,-1.5070001,4.6860003,0.65900004,1.872422,0,nan,0.0,0.0,0.0,0,4,1,1,1,25,0
604484272,0,1720616901250387,0,593962355,246604088,32895,51483,0.052,0.012907408,0.125,0.23700002,0.59,1.11,92,22,4.5990005,-1.123,4.46,0.46400002,1.8473024,0,nan,0.0,0.0,0.0,0,4,1,1,1,24,0
604604288,0,1720616901375387,0,593962343,246604176,32828,51416,0.056,0.015754912,0.125,0.23700002,0.59,1.11,92,22,4.1340003,-1.059,3.9960003,0.53300005,1.8399711,0,nan,0.0,0.0,0.0,0,4,1,1,1,25,0
604721708,0,1720616901500387,0,593962333,246604250,32747,51335,0.060000002,0.020225922,0.125,0.23700002,0.57,1.09,92,22,3.5010002,-0.91,3.381,0.586,1.8375258,0,nan,0.0,0.0,0.0,0,4,1,1,1,25,0
604854136,0,1720616901625387,0,593962325,246604307,32719,51308,0.064,0.025479538,0.125,0.238,0.57,1.09,92,22,2.7340002,-0.70400006,2.6420002,0.35900003,1.8350406,0,nan,0.0,0.0,0.0,0,4,1,1,1,24,0
604978810,0,1720616901750387,0,593962318,246604348,32611,51199,0.079,0.034341272,0.126,0.23900001,0.58,1.09,92,22,1.9440001,-0.58100003,1.8550001,0.62100005,1.8491403,0,nan,0.0,0.0,0.0,0,4,1,1,1,24,0
605118660,0,1720616901875387,0,593962311,246604378,32542,51130,0.079,0.04477328,0.126,0.24000001,0.59999996,1.13,92,25,1.5740001,-0.58100003,1.462,0.518,1.8861322,0,nan,0.0,0.0,0.0,0,4,1,1,1,24,0
605262674,0,1720616902000387,0,593962304,246604397,32391,50979,0.109000005,0.058188923,0.126,0.24000001,0.59999996,1.13,92,25,1.0150001,-0.60700005,0.813,0.86100006,2.007638,0,nan,0.0,0.0,0.0,0,4,1,1,1,25,0
605365094,0,1720616902125387,0,593962300,246604405,32284,50872,0.115,0.10816817,0.126,0.24100001,0.57,1.09,92,25,0.509,-0.29900002,0.41200003,0.818,2.0507474,0,nan,0.0,0.0,0.0,0,4,1,1,1,25,0
605486090,0,1720616902250387,0,593962295,246604405,32166,50754,0.125,0.11111394,0.126,0.24100001,0.57,1.09,92,25,0.38000003,-0.372,0.078,0.855,2.4807408,0,nan,0.0,0.0,0.0,0,4,1,1,1,25,0
605606658,0,1720616902375387,0,593962291,246604402,32038,50627,0.125,0.105361335,0.126,0.24100001,0.57,1.09,92,25,0.437,-0.42100003,-0.120000005,0.92100006,2.9749043,0,nan,0.0,0.0,0.0,0,4,1,1,1,25,0
605739662,0,1720616902500387,0,593962287,246604394,31899,50487,0.117000006,0.11849128,0.126,0.24100001,0.57,1.09,92,25,0.45000002,-0.323,-0.314,0.9990001,3.3891525,0,nan,0.0,0.0,0.0,0,4,1,1,1,25,0
605863748,0,1720616902625387,0,593962286,246604387,31794,50382,0.117000006,0.17812794,0.125,0.24100001,0.57,1.09,92,25,0.33100003,-0.177,-0.279,0.88400006,3.6219308,0,nan,0.0,0.0,0.0,0,4,1,1,1,25,0
605991820,0,1720616902750387,0,593962281,246604386,31634,50223,0.108,0.10086973,0.125,0.24100001,0.57,1.09,92,25,0.45400003,-0.45200002,0.038000003,1.1110001,3.194492,0,nan,0.0,0.0,0.0,0,4,1,1,1,25,0
606117182,0,1720616902875387,0,593962277,246604392,31555,50143,0.097,0.10352543,0.125,0.24000001,0.57,1.09,92,22,0.43400002,-0.342,0.268,0.768,2.8448622,0,nan,0.0,0.0,0.0,0,4,1,1,1,25,0
606276892,0,1720616903000387,0,593962272,246604408,31446,50035,0.082,0.058112655,0.125,0.24000001,0.57,1.09,92,22,0.89000005,-0.46500003,0.75900006,0.79800004,2.2939086,0,nan,0.0,0.0,0.0,0,4,1,1,1,25,0
606366396,0,1720616903125387,0,593962264,246604439,31340,49929,0.07,0.032875195,0.125,0.23900001,0.57,1.09,92,22,1.616,-0.669,1.4710001,0.78000003,2.069217,0,nan,0.0,0.0,0.0,0,4,1,1,1,25,0
606490672,0,1720616903250388,0,593962255,246604480,31211,49800,0.068,0.029812666,0.125,0.23900001,0.57,1.09,92,22,1.9380001,-0.66400003,1.8210001,0.85600007,1.9872024,0,nan,0.0,0.0,0.0,0,4,1,1,1,25,0
606614942,0,1720616903375388,0,593962244,246604534,31076,49664,0.067,0.020581096,0.125,0.238,0.57,1.17,92,22,2.69,-1.0270001,2.486,0.89000005,1.9704902,0,nan,0.0,0.0,0.0,0,4,1,1,1,25,0
606731744,0,1720616903500388,0,593962235,246604594,30983,49572,0.07300001,0.024210857,0.126,0.238,0.57,1.09,92,22,2.8460002,-0.74600005,2.746,0.693,1.9133064,0,nan,0.0,0.0,0.0,0,4,1,1,1,25,0
606861282,0,1720616903625388,0,593962222,246604658,30880,49469,0.078,0.024689252,0.126,0.23900001,0.57,1.09,92,22,3.071,-1.0830001,2.8730001,0.669,1.9222487,0,nan,0.0,0.0,0.0,0,4,1,1,1,24,0
606987920,0,1720616903750388,0,593962212,246604724,30768,49356,0.083000004,0.027612854,0.127,0.24000001,0.57,1.09,92,22,3.035,-0.818,2.923,0.734,1.8870454,0,nan,0.0,0.0,0.0,0,4,1,1,1,25,0
607113666,0,1720616903875388,0,593962202,246604780,30687,49275,0.089,0.03215158,0.127,0.24200001,0.57,1.09,80,21,2.664,-0.822,2.5340002,0.64900005,1.8859581,0,nan,0.0,0.0,0.0,0,4,1,1,1,24,0
607278962,0,1720616904000388,0,593962193,246604828,30544,49133,0.069000006,0.027310215,0.127,0.24200001,0.57,1.18,80,21,2.345,-0.75500005,2.22,0.85600007,1.8933653,0,nan,0.0,0.0,0.0,0,4,1,1,1,24,0
607365716,0,1720616904125388,0,593962184,246604867,30448,49037,0.08800001,0.037390713,0.127,0.24200001,0.59999996,1.1,80,21,1.9000001,-0.708,1.764,0.753,1.9141089,0,nan,0.0,0.0,0.0,0,4,1,1,1,24,0
607483664,0,1720616904250388,0,593962176,246604897,30308,48896,0.11100001,0.052277498,0.128,0.24300002,0.58,1.18,80,21,1.4720001,-0.62700003,1.332,0.994,1.9469343,0,nan,0.0,0.0,0.0,0,4,1,1,1,24,0
607608340,0,1720616904375388,0,593962172,246604919,30147,48735,0.10700001,0.057551708,0.128,0.24300002,0.58,1.09,80,21,1.103,-0.38300002,1.034,1.166,1.9370693,0,nan,0.0,0.0,0.0,0,4,1,1,1,24,0
607729058,0,1720616904500388,0,593962167,246604935,29950,48539,0.11400001,0.06743411,0.128,0.24400002,0.58,1.09,80,21,0.79700005,-0.351,0.71500003,1.4070001,1.9747472,0,nan,0.0,0.0,0.0,0,4,1,1,1,23,0
607856666,0,1720616904625388,0,593962160,246604947,29681,48269,0.120000005,0.07315408,0.127,0.24400002,0.59999996,1.11,80,21,0.657,-0.41400003,0.51100004,1.845,2.1017778,0,nan,0.0,0.0,0.0,0,4,1,1,1,23,0
607986496,0,1720616904750388,0,593962158,246604955,29438,48026,0.124000005,0.13703871,0.127,0.24400002,0.58,1.09,80,21,0.39600003,-0.186,0.35000002,1.863,2.0926416,0,nan,0.0,0.0,0.0,0,4,1,1,1,25,0
608112166,0,1720616904875388,0,593962152,246604957,29163,47751,0.12100001,0.09406609,0.127,0.245,0.58,1.09,92,25,0.41000003,-0.39400002,0.113000005,2.009,2.6152847,0,nan,0.0,0.0,0.0,0,4,1,1,1,25,0
608293672,0,1720616905000388,0,593962148,246604955,28933,47522,0.12200001,0.23085277,0.127,0.245,0.58,1.09,92,25,0.21400002,-0.18400002,-0.11000001,1.845,2.7671075,0,nan,0.0,0.0,0.0,0,4,1,1,1,25,0
608374710,0,1720616905125388,0,593962147,246604952,28695,47284,0.12100001,0.24506743,0.127,0.245,0.57,1.09,92,25,0.20300001,-0.177,-0.098000005,1.863,3.181268,0,nan,0.0,0.0,0.0,0,4,1,1,1,25,0
608495670,0,1720616905250388,0,593962144,246604948,28459,47047,0.119,0.164199,0.127,0.245,0.57,1.09,92,25,0.328,-0.245,-0.21700001,1.8560001,3.6536498,0,nan,0.0,0.0,0.0,0,4,1,1,1,25,0
608615058,0,1720616905375388,0,593962142,246604942,28251,46840,0.11800001,0.18783373,0.127,0.245,0.57,1.09,92,25,0.319,-0.17,-0.26900002,1.7090001,3.8679802,0,nan,0.0,0.0,0.0,0,4,1,1,1,25,0
608745210,0,1720616905500388,0,593962140,246604938,28056,46644,0.12100001,0.26548097,0.127,0.246,0.57,1.09,92,25,0.22100002,-0.141,-0.17,1.641,3.918419,0,nan,0.0,0.0,0.0,0,4,1,1,1,25,0
608870750,0,1720616905625388,0,593962136,246604935,27865,46453,0.120000005,0.1493677,0.127,0.246,0.57,1.09,92,25,0.314,-0.282,-0.13900001,1.605,3.6767604,0,nan,0.0,0.0,0.0,0,4,1,1,1,25,0
608994786,0,1720616905750388,0,593962134,246604934,27698,46286,0.119,0.19296588,0.127,0.246,0.57,1.09,92,25,0.23300001,-0.22700001,-0.053000003,1.498,3.562994,0,nan,0.0,0.0,0.0,0,4,1,1,1,24,0
609113658,0,1720616905875388,0,593962131,246604932,27515,46104,0.116000004,0.20834152,0.126,0.246,0.59999996,1.13,92,26,0.215,-0.20700002,-0.056,1.5050001,3.4912486,0,nan,0.0,0.0,0.0,0,4,1,1,1,25,0
609286450,0,1720616906000388,0,593962130,246604934,27352,45940,0.113000005,0.2757306,0.126,0.246,0.59999996,1.13,92,26,0.13800001,-0.119,0.071,1.437,3.168712,0,nan,0.0,0.0,0.0,0,4,1,1,1,25,0
609366944,0,1720616906125388,0,593962128,246604936,27171,45760,0.116000004,0.22863935,0.126,0.246,0.57,1.09,92,26,0.18400002,-0.16100001,0.09,1.4720001,2.849188,0,nan,0.0,0.0,0.0,0,4,1,1,1,25,0
609491580,0,1720616906250388,0,593962127,246604937,27047,45635,0.116000004,0.22864877,0.126,0.246,0.57,1.09,92,26,0.098000005,-0.05,0.08400001,1.253,2.849188,0,nan,0.0,0.0,0.0,0,4,1,1,1,25,0
609605678,0,1720616906375388,0,593962126,246604942,26902,45490,0.11800001,0.22400288,0.126,0.24700001,0.57,1.09,92,26,0.24700001,-0.117000006,0.21800001,1.2750001,2.4485884,0,nan,0.0,0.0,0.0,0,4,1,1,1,25,0
609736680,0,1720616906500388,0,593962124,246604946,26769,45357,0.119,0.24121776,0.126,0.24700001,0.57,1.09,92,26,0.261,-0.086,0.246,1.213,2.1982894,0,nan,0.0,0.0,0.0,0,4,1,1,1,24,0
609863970,0,1720616906625388,0,593962122,246604960,26600,45188,0.101,0.08899119,0.126,0.24700001,0.58,1.09,92,26,0.65500003,-0.28,0.59300005,1.33,2.0341086,0,nan,0.0,0.0,0.0,0,4,1,1,1,25,0
609985716,0,1720616906750388,0,593962115,246604976,26450,45038,0.09200001,0.04965933,0.127,0.24700001,0.57,1.09,92,26,0.95400006,-0.61600006,0.72900003,1.2370001,2.2158976,0,nan,0.0,0.0,0.0,0,4,1,1,1,25,0
610102696,0,1720616906875388,0,593962104,246605004,26293,44881,0.089,0.030797383,0.127,0.246,0.57,1.09,92,23,1.608,-1.0120001,1.25,1.2260001,2.2415383,0,nan,0.0,0.0,0.0,0,4,1,1,1,25,0
610282118,0,1720616907000388,0,593962090,246605044,26137,44726,0.07700001,0.021614157,0.127,0.246,0.57,1.09,92,23,2.1890001,-1.25,1.797,1.2210001,2.1993666,0,nan,0.0,0.0,0.0,0,4,1,1,1,25,0
610362978,0,1720616907125388,0,593962073,246605094,26074,44662,0.076000005,0.018939614,0.127,0.246,0.59999996,1.13,92,23,2.684,-1.4790001,2.24,0.763,2.1736841,0,nan,0.0,0.0,0.0,0,4,1,1,1,25,0
610486672,0,1720616907250388,0,593962053,246605144,25924,44513,0.065000005,0.015873944,0.127,0.246,0.59999996,1.13,92,23,2.8820002,-1.733,2.3030002,1.011,2.1987827,0,nan,0.0,0.0,0.0,0,4,1,1,1,25,0
610595472,0,1720616907375388,0,593962036,246605198,25836,44424,0.074,0.022954743,0.127,0.246,0.57,1.09,92,23,2.8070002,-1.4180001,2.4220002,0.754,2.1660786,0,nan,0.0,0.0,0.0,0,4,1,1,1,24,0
610726832,0,1720616907500388,0,593962022,246605246,25672,44260,0.096,0.027919682,0.128,0.24700001,0.59999996,1.13,92,23,2.5370002,-1.3290001,2.161,1.042,2.1481287,0,nan,0.0,0.0,0.0,0,4,1,1,1,24,0
610853462,0,1720616907625388,0,593962009,246605290,25538,44126,0.08800001,0.027745148,0.128,0.24700001,0.59999996,1.13,92,23,2.3030002,-1.148,1.9970001,0.989,2.1201096,0,nan,0.0,0.0,0.0,0,4,1,1,1,25,0
610973920,0,1720616907750388,0,593961998,246605324,25412,44000,0.089,0.032255255,0.128,0.24800001,0.57,1.09,92,23,1.8440001,-0.95000005,1.58,0.92600006,2.1168046,0,nan,0.0,0.0,0.0,0,4,1,1,1,23,0
611094864,0,1720616907875388,0,593961989,246605350,25306,43894,0.095000006,0.041910067,0.128,0.24800001,0.64,1.16,92,25,1.3920001,-0.748,1.174,0.84200007,2.1247432,0,nan,0.0,0.0,0.0,0,4,1,1,1,24,0
611263688,0,1720616908000388,0,593961981,246605369,25147,43736,0.112,0.048306175,0.128,0.24900001,0.59999996,1.13,92,25,1.1620001,-0.726,0.90800005,1.0480001,2.176734,0,nan,0.0,0.0,0.0,0,4,1,1,1,24,0
611359872,0,1720616908125388,0,593961975,246605381,25039,43627,0.12100001,0.069051504,0.128,0.25,0.59999996,1.13,92,25,0.74,-0.526,0.52000004,0.91300005,2.2377264,0,nan,0.0,0.0,0.0,0,4,1,1,1,23,0
611489458,0,1720616908250388,0,593961971,246605388,24921,43509,0.136,0.10665375,0.128,0.25100002,0.62,1.13,92,25,0.509,-0.36100003,0.358,0.92100006,2.2740436,0,nan,0.0,0.0,0.0,0,4,1,1,1,25,0
611604164,0,1720616908375388,0,593961968,246605392,24838,43426,0.132,0.107778266,0.128,0.25100002,0.58,1.09,92,25,0.44300002,-0.411,0.16700001,0.768,2.5120897,0,nan,0.0,0.0,0.0,0,4,1,1,1,25,0
611738658,0,1720616908500388,0,593961965,246605391,24716,43304,0.15300001,0.21412972,0.128,0.252,0.58,1.09,92,25,0.263,-0.256,-0.057000004,0.82400006,2.683208,0,nan,0.0,0.0,0.0,0,4,1,1,1,24,0
611864102,0,1720616908625388,0,593961961,246605389,24603,43191,0.165,0.1689161,0.128,0.252,0.59,1.09,92,25,0.358,-0.35300002,-0.057000004,0.823,3.06445,0,nan,0.0,0.0,0.0,0,4,1,1,1,23,0
611988670,0,1720616908750388,0,593961959,246605384,24484,43072,0.158,0.27415317,0.128,0.25300002,0.59,1.09,92,25,0.29900002,-0.15900001,-0.254,0.84400004,3.36404,0,nan,0.0,0.0,0.0,0,4,1,1,1,23,0
612102788,0,1720616908875388,0,593961956,246605381,24377,42965,0.148,0.19051716,0.128,0.25300002,0.59,1.09,93,22,0.30100003,-0.275,-0.12200001,0.799,3.4961383,0,nan,0.0,0.0,0.0,0,4,1,1,1,23,0
612285278,0,1720616909000388,0,593961953,246605377,24249,42838,0.133,0.19591478,0.128,0.25300002,0.58,1.09,93,22,0.35200003,-0.293,-0.194,0.864,3.6086273,0,nan,0.0,0.0,0.0,0,4,1,1,1,24,0
612365168,0,1720616909125388,0,593961953,246605372,24162,42751,0.119,0.27301434,0.128,0.25300002,0.58,1.09,93,22,0.231,0.027,-0.23,0.734,4.0228972,0,nan,0.0,0.0,0.0,0,4,1,1,1,24,0
612487208,0,1720616909250388,0,593961950,246605368,24042,42631,0.15200001,0.22090039,0.128,0.25300002,0.58,1.09,93,22,0.33,-0.273,-0.186,0.846,3.8528578,0,nan,0.0,0.0,0.0,0,4,1,1,1,25,0
612603678,0,1720616909375388,0,593961947,246605368,23957,42545,0.18400002,0.37353796,0.128,0.25300002,0.57,1.09,93,22,0.194,-0.18900001,-0.043,0.70500004,3.726045,0,nan,0.0,0.0,0.0,0,4,1,1,1,25,0
612736384,0,1720616909500388,0,593961944,246605365,23828,42416,0.16100001,0.26022857,0.128,0.25300002,0.57,1.09,93,22,0.293,-0.268,-0.120000005,0.85600007,3.6158843,0,nan,0.0,0.0,0.0,0,4,1,1,1,23,0
612866198,0,1720616909625388,0,593961944,246605365,23738,42326,0.162,0.26023364,0.128,0.25300002,0.58,1.09,93,22,0.067,-0.063,-0.020000001,0.77900004,3.6158843,0,nan,0.0,0.0,0.0,0,4,1,1,1,24,0
612986330,0,1720616909750388,0,593961943,246605362,23634,42223,0.147,0.50884044,0.128,0.25300002,0.58,1.09,93,22,0.13900001,-0.08400001,-0.11100001,0.827,3.708342,0,nan,0.0,0.0,0.0,0,4,1,1,1,24,0
613106272,0,1720616909875388,0,593961944,246605362,23576,42164,0.13900001,0.5088427,0.128,0.25300002,0.58,1.09,93,23,0.082,0.082,0.0,0.65400004,3.708342,0,nan,0.0,0.0,0.0,0,4,1,1,1,24,0
613284720,0,1720616910000388,0,593961944,246605361,23472,42061,0.13900001,0.5088453,0.127,0.25300002,0.58,1.09,93,23,0.066,-0.057000004,-0.033,0.78300005,3.708342,0,nan,0.0,0.0,0.0,0,4,1,1,1,25,0
613361710,0,1720616910125388,0,593961945,246605360,23391,41979,0.15300001,0.5088478,0.127,0.25300002,0.58,1.09,93,23,0.052,0.031000001,-0.042000003,0.73,3.708342,0,nan,0.0,0.0,0.0,0,4,1,1,1,25,0
613486980,0,1720616910250388,0,593961947,246605359,23341,41930,0.14500001,0.31385085,0.127,0.254,0.57,1.09,93,23,0.19100001,0.18,-0.064,0.605,5.3254166,0,nan,0.0,0.0,0.0,0,4,1,1,1,25,0
613606686,0,1720616910375388,0,593961947,246605356,23238,41826,0.14600001,0.34672725,0.127,0.254,0.57,1.09,93,23,0.18,-0.16000001,-0.083000004,0.748,4.5573034,0,nan,0.0,0.0,0.0,0,4,1,1,1,25,0
613738660,0,1720616910500388,0,593961951,246605357,23178,41767,0.13800001,0.1876639,0.127,0.254,0.57,1.09,93,23,0.337,0.333,0.048,0.609,6.0026307,0,nan,0.0,0.0,0.0,0,4,1,1,1,25,0
613851682,0,1720616910625388,0,593961947,246605354,23036,41624,0.16900001,0.18485846,0.127,0.254,0.57,1.09,93,23,0.37300003,-0.36100003,-0.093,0.947,4.6786976,0,nan,0.0,0.0,0.0,0,4,1,1,1,25,0
613979800,0,1720616910750388,0,593961951,246605357,22981,41570,0.148,0.2655126,0.127,0.254,0.57,1.09,93,23,0.31100002,0.28100002,0.135,0.688,5.3488054,0,nan,0.0,0.0,0.0,0,4,1,1,1,24,0
614099508,0,1720616910875388,0,593961953,246605354,22891,41479,0.155,0.26551726,0.127,0.254,0.59999996,1.13,93,22,0.062000003,0.007,-0.062000003,0.734,5.3488054,0,nan,0.0,0.0,0.0,0,4,1,1,1,24,0
614262670,0,1720616911000388,0,593961951,246605360,22802,41391,0.136,0.25160438,0.128,0.254,0.59999996,1.13,93,22,0.26200002,-0.096,0.24400002,0.74200004,0.58205193,0,nan,0.0,0.0,0.0,0,4,1,1,1,24,0
614356664,0,1720616911125388,0,593961953,246605360,22706,41294,0.13800001,0.25160944,0.128,0.25500003,0.59999996,1.13,93,22,0.076000005,0.075,-0.008,0.74700004,0.58205193,0,nan,0.0,0.0,0.0,0,4,1,1,1,25,0
614488604,0,1720616911250388,0,593961953,246605363,22586,41175,0.148,0.358325,0.128,0.25500003,0.57,1.09,93,22,0.18800001,-0.087000005,0.16600001,0.87600005,1.0686151,0,nan,0.0,0.0,0.0,0,4,1,1,1,25,0
614615058,0,1720616911375388,0,593961955,246605365,22501,41089,0.15,0.6801803,0.128,0.25500003,0.57,1.09,93,22,0.12200001,0.060000002,0.106000006,0.78000003,1.065923,0,nan,0.0,0.0,0.0,0,4,1,1,1,25,0
614735672,0,1720616911500388,0,593961955,246605366,22413,41001,0.17300001,0.50089484,0.128,0.25500003,0.58,1.09,93,22,0.143,-0.1,0.10300001,0.76400006,1.8957487,0,nan,0.0,0.0,0.0,0,4,1,1,1,25,0
614864714,0,1720616911625388,0,593961953,246605371,22283,40872,0.172,0.37519342,0.128,0.25500003,0.57,1.09,93,22,0.20500001,-0.133,0.155,0.93700004,2.1415057,0,nan,0.0,0.0,0.0,0,4,1,1,1,25,0
614983664,0,1720616911750388,0,593961956,246605372,22224,40812,0.16900001,0.53939384,0.128,0.25500003,0.57,1.09,93,22,0.13900001,0.120000005,0.07,0.68500006,1.6161587,0,nan,0.0,0.0,0.0,0,4,1,1,1,25,0
615114828,0,1720616911875388,0,593961956,246605372,22081,40670,0.171,0.5393971,0.128,0.25500003,0.57,1.09,93,23,0.062000003,0.05,0.036000002,1.005,1.6161587,0,nan,0.0,0.0,0.0,0,4,1,1,1,25,0
615281688,0,1720616912000388,0,593961957,246605374,21998,40586,0.147,0.53939974,0.128,0.25500003,0.57,1.09,93,23,0.027,-0.011000001,0.025,0.82500005,1.6161587,0,nan,0.0,0.0,0.0,0,4,1,1,1,25,0
615353896,0,1720616912125388,0,593961957,246605377,21904,40492,0.12900001,0.39738595,0.128,0.25500003,0.57,1.09,93,23,0.16700001,0.112,0.123,0.85400003,1.1070143,0,nan,0.0,0.0,0.0,0,4,1,1,1,25,0
615479992,0,1720616912250388,0,593961957,246605377,21798,40386,0.123,0.39738983,0.128,0.25500003,0.57,1.09,93,23,0.041,-0.039,-0.011000001,0.88600004,1.1070143,0,nan,0.0,0.0,0.0,0,4,1,1,1,25,0
615601648,0,1720616912375389,0,593961959,246605378,21713,40301,0.120000005,0.5817173,0.128,0.25500003,0.57,1.09,93,23,0.101,0.087000005,0.052,0.786,0.925339,0,nan,0.0,0.0,0.0,0,4,1,1,1,24,0
615730526,0,1720616912500389,0,593961961,246605380,21596,40184,0.123,0.49451023,0.128,0.25500003,0.58,1.09,93,23,0.109000005,0.102000006,0.039,0.87700003,0.5985863,0,nan,0.0,0.0,0.0,0,4,1,1,1,24,0
615853688,0,1720616912625389,0,593961962,246605381,21494,40083,0.13900001,0.49451318,0.128,0.25500003,0.58,1.09,93,23,0.094000004,0.09200001,0.018000001,0.855,0.5985863,0,nan,0.0,0.0,0.0,0,4,1,1,1,25,0
615981900,0,1720616912750389,0,593961962,246605382,21382,39971,0.142,0.49451634,0.128,0.25500003,0.57,1.09,93,23,0.082,0.075,0.032,0.892,0.5985863,0,nan,0.0,0.0,0.0,0,4,1,1,1,25,0
616112414,0,1720616912875389,0,593961961,246605378,21403,39991,0.11100001,0.2596706,0.128,0.25500003,0.57,1.09,93,26,0.22500001,-0.15400001,-0.164,0.216,4.590172,0,nan,0.0,0.0,0.0,0,4,1,1,1,25,0
616282564,0,1720616913000389,0,593961962,246605382,21393,39981,0.096,0.34810886,0.128,0.25500003,0.57,1.09,93,26,0.178,0.105000004,0.14400001,0.19900002,5.531513,0,nan,0.0,0.0,0.0,0,4,1,1,1,25,0
616361956,0,1720616913125389,0,593961961,246605381,21409,39998,0.102000006,0.34810957,0.128,0.256,0.57,1.09,93,26,0.096,-0.060000002,-0.075,0.087000005,5.531513,0,nan,0.0,0.0,0.0,0,4,1,1,1,25,0
616481934,0,1720616913250389,0,593961959,246605381,21440,40029,0.089,0.3481099,0.128,0.256,0.57,1.09,93,26,0.028,0.015000001,0.024,0.027,5.531513,0,nan,0.0,0.0,0.0,0,4,1,1,1,25,0
616611890,0,1720616913375389,0,593961959,246605383,21472,40060,0.065000005,0.34811026,0.128,0.25500003,0.57,1.09,93,26,0.013,-0.008,-0.010000001,-0.004,5.531513,0,nan,0.0,0.0,0.0,0,4,1,1,1,25,0
616737504,0,1720616913500389,0,593961959,246605381,21500,40088,0.060000002,0.34811082,0.128,0.25500003,0.57,1.09,93,26,0.096,0.010000001,-0.096,0.019000001,5.531513,0,nan,0.0,0.0,0.0,0,4,1,1,1,25,0
616862372,0,1720616913625389,0,593961959,246605381,21539,40128,0.072000004,0.34811115,0.128,0.25500003,0.57,1.09,93,26,0.045,-0.013,0.044000003,-0.021000002,5.531513,0,nan,0.0,0.0,0.0,0,4,1,1,1,25,0
616977660,0,1720616913750389,0,593961959,246605381,21574,40162,0.068,0.34811148,0.128,0.25500003,0.57,1.09,93,26,0.025,0.017,-0.018000001,0.011000001,5.531513,0,nan,0.0,0.0,0.0,0,4,1,1,1,25,0
617114178,0,1720616913875389,0,593961959,246605381,21620,40208,0.104,0.34811202,0.128,0.25500003,0.58,1.11,93,20,0.014,-0.013,-0.002,-0.024,5.531513,0,nan,0.0,0.0,0.0,0,4,1,1,1,25,0
617288912,0,1720616914000389,0,593961959,246605381,21656,40245,0.101,0.34811237,0.128,0.25500003,0.58,1.11,93,20,0.023000002,0.018000001,-0.014,-0.021000002,5.531513,0,nan,0.0,0.0,0.0,0,4,1,1,1,25,0
617364710,0,1720616914125389,0,593961959,246605381,21687,40275,0.09200001,0.34811288,0.128,0.254,0.58,1.11,93,20,0.013,-0.013,0.002,-0.014,5.531513,0,nan,0.0,0.0,0.0,0,4,1,1,1,25,0
617479210,0,1720616914250389,0,593961959,246605381,21714,40303,0.11800001,0.34811342,0.128,0.254,0.58,1.11,93,20,0.0050000004,0.004,0.002,-0.020000001,5.531513,0,nan,0.0,0.0,0.0,0,4,1,1,1,25,0
