timestamp,timestamp_sample,gyro_device_id,gyro_bias[0],gyro_bias[1],gyro_bias[2],gyro_bias_limit,gyro_bias_variance[0],gyro_bias_variance[1],gyro_bias_variance[2],accel_device_id,accel_bias[0],accel_bias[1],accel_bias[2],accel_bias_limit,accel_bias_variance[0],accel_bias_variance[1],accel_bias_variance[2],mag_device_id,mag_bias[0],mag_bias[1],mag_bias[2],mag_bias_limit,mag_bias_variance[0],mag_bias_variance[1],mag_bias_variance[2],gyro_bias_valid,gyro_bias_stable,accel_bias_valid,accel_bias_stable,mag_bias_valid,mag_bias_stable
564258487,564158121,2490386,-0.002210093,0.0027553427,0.0016579488,0.15,1.8969472e-07,1.8840734e-07,4.248916e-07,2490386,0.0018882912,-0.004702677,-0.06575451,0.4,0.0010488881,0.0010519818,0.00051172276,527625,0.0,0.0,0.0,0.5,0.0025000002,0.0025000002,0.0025000002,1,1,1,0,1,0
564980344,564879713,2490386,-0.0022037544,0.0027691622,0.0016558438,0.15,1.8935023e-07,1.880621e-07,4.241149e-07,2490386,0.0018858004,-0.004701377,-0.066834904,0.4,0.0010489511,0.0010520449,0.00051172223,527625,0.0,0.0,0.0,0.5,0.0025000002,0.0025000002,0.0025000002,1,1,1,0,1,0
565602584,565502457,2490386,-0.002198892,0.0027777033,0.0016582106,0.15,1.8935789e-07,1.8806607e-07,4.245322e-07,2490386,0.0018865502,-0.0047016647,-0.06807621,0.4,0.0010490054,0.0010520993,0.0005117217,527625,0.0,0.0,0.0,0.5,0.0025000002,0.0025000002,0.0025000002,1,1,1,0,1,0
565978288,565878080,2490386,-0.002198636,0.0027814482,0.0016646015,0.15,1.8939346e-07,1.8810556e-07,4.2395786e-07,2490386,0.0018885587,-0.0047019185,-0.06959279,0.4,0.0010490386,0.0010521325,0.0005117217,527625,0.0,0.0,0.0,0.5,0.0025000002,0.0025000002,0.0025000002,1,1,1,0,1,0
566274919,566174623,2490386,-0.0021945336,0.0027877896,0.0016683358,0.15,1.8974892e-07,1.8846367e-07,4.2403727e-07,2490386,0.0018924393,-0.0047040056,-0.070748165,0.4,0.0010490671,0.0010521611,0.00051172305,527625,0.0,0.0,0.0,0.5,0.0025000002,0.0025000002,0.0025000002,1,1,1,0,1,0
566482718,566382204,2490386,-0.0021945708,0.0027939777,0.0016686223,0.15,1.893527e-07,1.8806708e-07,4.2394714e-07,2490386,0.0018972973,-0.0047042496,-0.072184026,0.4,0.0010490847,0.0010521786,0.00051172293,527625,0.0,0.0,0.0,0.5,0.0025000002,0.0025000002,0.0025000002,1,1,1,0,1,0
566739413,566639223,2490386,-0.0021875736,0.0027982898,0.0016691198,0.15,1.8940285e-07,1.8812096e-07,4.2362757e-07,2490386,0.0019005376,-0.0047083353,-0.07324059,0.4,0.0010490764,0.0010521702,0.0005117081,527625,0.0,0.0,0.0,0.5,0.0025000002,0.0025000002,0.0025000002,1,1,1,0,1,0
566978778,566876444,2490386,-0.0021918095,0.0027997144,0.0016692405,0.15,1.8930173e-07,1.8801961e-07,4.238484e-07,2490386,0.0019027557,-0.0047061546,-0.07482157,0.4,0.0010491274,0.0010522213,0.00051172305,527625,0.0,0.0,0.0,0.5,0.0025000002,0.0025000002,0.0025000002,1,1,1,0,1,0
567264716,567163103,2490386,-0.0021907296,0.0028035492,0.0016734868,0.15,1.8959196e-07,1.8831155e-07,4.2383795e-07,2490386,0.0019061049,-0.0047068847,-0.07669143,0.4,0.0010491523,0.0010522462,0.0005117232,527625,0.0,0.0,0.0,0.5,0.0025000002,0.0025000002,0.0025000002,1,0,1,0,1,0
567481412,567380577,2490386,-0.0021924805,0.0028077897,0.0016594591,0.15,1.8923909e-07,1.8796175e-07,4.2384949e-07,2490386,0.0019346137,-0.00470287,-0.079027206,0.4,0.0010491415,0.001052236,0.0005117146,527625,0.0,0.0,0.0,0.5,0.0025000002,0.0025000002,0.0025000002,1,0,1,0,1,0
567611056,567509070,2490386,-0.0021965276,0.002801405,0.0016259411,0.15,1.8918256e-07,1.8790863e-07,4.2371104e-07,2490386,0.0019381668,-0.0047067744,-0.08117724,0.4,0.0010491058,0.0010522024,0.00051172415,527625,0.0,0.0,0.0,0.5,0.0025000002,0.0025000002,0.0025000002,1,0,1,0,1,0
567737951,567637569,2490386,-0.0021895675,0.002807359,0.0016047998,0.15,1.8909459e-07,1.8782463e-07,4.235685e-07,2490386,0.0020511204,-0.0047976933,-0.08273876,0.4,0.0010490158,0.0010521183,0.0005117267,527625,0.0,0.0,0.0,0.5,0.0025000002,0.0025000002,0.0025000002,1,0,1,0,1,0
567866279,567766068,2490386,-0.002199731,0.0027927256,0.0015952962,0.15,1.8902313e-07,1.8775758e-07,4.2342714e-07,2490386,0.0020196019,-0.0047481707,-0.08496877,0.4,0.0010489443,0.001052056,0.0005117294,527625,0.0,0.0,0.0,0.5,0.0025000002,0.0025000002,0.0025000002,1,0,1,0,1,0
568114432,568013183,2490386,-0.0021851659,0.0028057126,0.0015847832,0.15,1.8886257e-07,1.8760694e-07,4.237525e-07,2490386,0.0022773668,-0.00490248,-0.08751757,0.4,0.0010488179,0.0010519607,0.00051173265,527625,0.0,0.0,0.0,0.5,0.0025000002,0.0025000002,0.0025000002,1,0,1,0,1,0
568282072,568181221,2490386,-0.0021878385,0.002800882,0.0015854911,0.15,1.8913727e-07,1.8789463e-07,4.2329842e-07,2490386,0.0023182454,-0.0049143136,-0.08863018,0.4,0.0010487589,0.0010519279,0.00051173446,527625,0.0,0.0,0.0,0.5,0.0025000002,0.0025000002,0.0025000002,1,0,1,0,1,0
568362897,568260303,2490386,-0.002168924,0.0028009238,0.0015774567,0.15,1.8864338e-07,1.874052e-07,4.233695e-07,2490386,0.0025548795,-0.0051084897,-0.09169935,0.4,0.0010486743,0.0010518723,0.0005117297,527625,0.0,0.0,0.0,0.5,0.0025000002,0.0025000002,0.0025000002,1,0,1,0,1,0
568481543,568378914,2490386,-0.0021740822,0.0028223388,0.0015726336,0.15,1.8851472e-07,1.8728268e-07,4.2313428e-07,2490386,0.0028784336,-0.0050779395,-0.09328567,0.4,0.0010485529,0.0010517859,0.0005117348,527625,0.0,0.0,0.0,0.5,0.0025000002,0.0025000002,0.0025000002,1,0,1,0,1,0
568607625,568507419,2490386,-0.0021610858,0.0028184024,0.0015686785,0.15,1.8847025e-07,1.8724079e-07,4.2369393e-07,2490386,0.003085531,-0.0052880645,-0.09588026,0.4,0.0010483885,0.0010516639,0.0005117302,527625,0.0,0.0,0.0,0.5,0.0025000002,0.0025000002,0.0025000002,1,0,1,0,1,0
568737313,568635914,2490386,-0.0021641152,0.0028255822,0.0015557357,0.15,1.8844567e-07,1.8722308e-07,4.2356004e-07,2490386,0.003292956,-0.0053058993,-0.09748543,0.4,0.0010482704,0.0010515965,0.0005117359,527625,0.0,0.0,0.0,0.5,0.0025000002,0.0025000002,0.0025000002,1,0,1,0,1,0
568864710,568764414,2490386,-0.0021522676,0.0028239896,0.0015469026,0.15,1.8842645e-07,1.8720934e-07,4.2342262e-07,2490386,0.0036116538,-0.005504849,-0.10063092,0.4,0.0010481443,0.0010515279,0.00051173626,527625,0.0,0.0,0.0,0.5,0.0025000002,0.0025000002,0.0025000002,1,0,1,0,1,0
568974794,568873145,2490386,-0.002150541,0.0028200794,0.0015467958,0.15,1.8836154e-07,1.8714312e-07,4.2449577e-07,2490386,0.0038364613,-0.005589309,-0.10276612,0.4,0.0010480696,0.0010515153,0.00051173626,527625,0.0,0.0,0.0,0.5,0.0025000002,0.0025000002,0.0025000002,1,0,1,0,1,0
569114154,569011529,2490386,-0.0021524164,0.00282129,0.0015468624,0.15,1.8872568e-07,1.8750616e-07,4.258631e-07,2490386,0.004046202,-0.005704964,-0.10510446,0.4,0.0010477392,0.0010512512,0.00051173737,527625,0.0,0.0,0.0,0.5,0.0025000002,0.0025000002,0.0025000002,1,0,1,0,1,0
569270202,569169684,2490386,-0.0021564297,0.0028256334,0.0015471473,0.15,1.8938573e-07,1.8816527e-07,4.274242e-07,2490386,0.0041254275,-0.0059246733,-0.10758459,0.4,0.0010466342,0.0010502146,0.00051173655,527625,0.0,0.0,0.0,0.5,0.0025000002,0.0025000002,0.0025000002,1,0,1,0,1,0
569359379,569258645,2490386,-0.0021617776,0.0028183814,0.0015473433,0.15,1.8948185e-07,1.8826054e-07,4.28303e-07,2490386,0.004615311,-0.006303085,-0.1093792,0.4,0.001044984,0.0010486299,0.00051173737,527625,0.0,0.0,0.0,0.5,0.0025000002,0.0025000002,0.0025000002,1,0,1,0,1,0
569478836,569377262,2490386,-0.0021579175,0.0028215533,0.001547311,0.15,1.8995541e-07,1.8873352e-07,4.294732e-07,2490386,0.00471666,-0.0061478615,-0.11209635,0.4,0.0010424138,0.0010461222,0.00051173597,527625,0.0,0.0,0.0,0.5,0.0025000002,0.0025000002,0.0025000002,1,0,1,0,1,0
569606142,569505760,2490386,-0.0021563326,0.0028225349,0.0015473501,0.15,1.9059742e-07,1.8937506e-07,4.307439e-07,2490386,0.0048545804,-0.0061065503,-0.11423045,0.4,0.0010386915,0.0010424583,0.0005117384,527625,0.0,0.0,0.0,0.5,0.0025000002,0.0025000002,0.0025000002,1,0,1,0,1,0
569735395,569634262,2490386,-0.0021579582,0.002823202,0.001547567,0.15,1.9129926e-07,1.9007658e-07,4.320108e-07,2490386,0.0050169704,-0.0064025074,-0.11663208,0.4,0.001033712,0.0010375323,0.00051173655,527625,0.0,0.0,0.0,0.5,0.0025000002,0.0025000002,0.0025000002,1,0,1,0,1,0
569864662,569762761,2490386,-0.0021579002,0.002825601,0.0015476106,0.15,1.9205815e-07,1.908352e-07,4.3328092e-07,2490386,0.004917744,-0.006494333,-0.118754655,0.4,0.0010274666,0.001031335,0.0005117379,527625,0.0,0.0,0.0,0.5,0.0025000002,0.0025000002,0.0025000002,1,0,1,0,1,0
569981682,569881376,2490386,-0.0021530415,0.0028348118,0.0015478985,0.15,1.9277343e-07,1.9155037e-07,4.3445166e-07,2490386,0.003766959,-0.0057922276,-0.12027193,0.4,0.001020155,0.0010240638,0.0005117386,527625,0.0,0.0,0.0,0.5,0.0025000002,0.0025000002,0.0025000002,1,0,1,0,1,0
570110106,570009877,2490386,-0.0021504303,0.0028362318,0.0015481075,0.15,1.9363071e-07,1.9240774e-07,4.3571964e-07,2490386,0.0038210233,-0.0054893657,-0.12263035,0.4,0.0010116913,0.0010156324,0.0005117378,527625,0.0,0.0,0.0,0.5,0.0025000002,0.0025000002,0.0025000002,1,0,1,0,1,0
570279714,570177915,2490386,-0.0021469134,0.0028406521,0.0015484203,0.15,1.9490744e-07,1.9368487e-07,4.37378e-07,2490386,0.0032255286,-0.0049160006,-0.12478919,0.4,0.0010014792,0.0010054419,0.0005117389,527625,0.0,0.0,0.0,0.5,0.0025000002,0.0025000002,0.0025000002,1,0,1,0,1,0
570357332,570256993,2490386,-0.002143388,0.0028419765,0.0015484616,0.15,1.9535925e-07,1.941371e-07,4.3815643e-07,2490386,0.0032519621,-0.0043244166,-0.12719339,0.4,0.0009914757,0.0009954523,0.0005117379,527625,0.0,0.0,0.0,0.5,0.0025000002,0.0025000002,0.0025000002,1,0,1,0,1,0
570486510,570385492,2490386,-0.002140922,0.002844888,0.0015484444,0.15,1.9633275e-07,1.9511093e-07,4.3942734e-07,2490386,0.002954073,-0.0039221956,-0.12994458,0.4,0.0009807999,0.0009847876,0.00051173934,527625,0.0,0.0,0.0,0.5,0.0025000002,0.0025000002,0.0025000002,1,0,1,0,1,0
570617016,570513991,2490386,-0.0021418184,0.0028511211,0.0015480848,0.15,1.9733461e-07,1.9611296e-07,4.4069498e-07,2490386,0.0016560684,-0.004247342,-0.13224997,0.4,0.00096966134,0.000973661,0.0005117406,527625,0.0,0.0,0.0,0.5,0.0025000002,0.0025000002,0.0025000002,1,0,1,0,1,0
570732944,570632607,2490386,-0.0021420226,0.0028560697,0.0015479712,0.15,1.9826676e-07,1.9704527e-07,4.418631e-07,2490386,0.00053763896,-0.0043952265,-0.13412018,0.4,0.0009584068,0.00096242037,0.0005117402,527625,0.0,0.0,0.0,0.5,0.0025000002,0.0025000002,0.0025000002,1,0,1,0,1,0
570861547,570761106,2490386,-0.0021420438,0.0028604253,0.0015483736,0.15,1.9931954e-07,1.9809819e-07,4.4312637e-07,2490386,-0.000349258,-0.0045716376,-0.1366732,0.4,0.0009470376,0.0009510656,0.00051174156,527625,0.0,0.0,0.0,0.5,0.0025000002,0.0025000002,0.0025000002,1,0,1,0,1,0
570981316,570879721,2490386,-0.0021448382,0.0028654102,0.0015482763,0.15,2.0029604e-07,1.9907489e-07,4.4429018e-07,2490386,-0.0015817326,-0.0055427803,-0.1387194,0.4,0.0009358664,0.00093991164,0.00051174196,527625,0.0,0.0,0.0,0.5,0.0025000002,0.0025000002,0.0025000002,1,0,1,0,1,0
571109069,571008222,2490386,-0.0021464617,0.0028700852,0.0015479889,0.15,2.0138586e-07,2.0016483e-07,4.455537e-07,2490386,-0.0027415662,-0.0061951214,-0.14078078,0.4,0.00092486426,0.0009289323,0.00051174086,527625,0.0,0.0,0.0,0.5,0.0025000002,0.0025000002,0.0025000002,1,0,1,0,1,0
571268257,571166374,2490386,-0.0021489859,0.0028731513,0.0015481496,0.15,2.0277842e-07,2.0155753e-07,4.4710274e-07,2490386,-0.003373025,-0.0071918787,-0.1431951,0.4,0.0009137056,0.00091780804,0.00051174284,527625,0.0,0.0,0.0,0.5,0.0025000002,0.0025000002,0.0025000002,1,0,1,0,1,0
571357813,571255335,2490386,-0.0021521396,0.0028773695,0.0015474905,0.15,2.0351182e-07,2.0229089e-07,4.4797542e-07,2490386,-0.0047774194,-0.008300311,-0.14378463,0.4,0.00090338156,0.00090752356,0.0005117434,527625,0.0,0.0,0.0,0.5,0.0025000002,0.0025000002,0.0025000002,1,0,1,0,1,0
571483897,571383845,2490386,-0.002154188,0.0028801837,0.0015469027,0.15,2.0464756e-07,2.0342651e-07,4.492341e-07,2490386,-0.0058336174,-0.009019599,-0.14395852,0.4,0.000893083,0.000897268,0.0005117328,527625,0.0,0.0,0.0,0.5,0.0025000002,0.0025000002,0.0025000002,1,0,1,0,1,0
571602824,571502450,2490386,-0.0021586434,0.0028839621,0.00154588,0.15,2.0570455e-07,2.0448344e-07,4.5040733e-07,2490386,-0.0069350116,-0.010742454,-0.14596017,0.4,0.0008832575,0.00088748574,0.0005117434,527625,0.0,0.0,0.0,0.5,0.0025000002,0.0025000002,0.0025000002,1,0,1,0,1,0
571731537,571630950,2490386,-0.002163501,0.002887574,0.0015443354,0.15,2.0685727e-07,2.0563604e-07,4.516676e-07,2490386,-0.008010563,-0.012500266,-0.14729722,0.4,0.00087398035,0.00087826647,0.0005117431,527625,0.0,0.0,0.0,0.5,0.0025000002,0.0025000002,0.0025000002,1,0,1,0,1,0
571859627,571759450,2490386,-0.002168191,0.002888299,0.0015435114,0.15,2.0801208e-07,2.0679065e-07,4.5293393e-07,2490386,-0.007891818,-0.014191794,-0.14963837,0.4,0.00086526823,0.000869623,0.000511743,527625,0.0,0.0,0.0,0.5,0.0025000002,0.0025000002,0.0025000002,1,0,1,0,1,0
571989243,571887950,2490386,-0.0021751898,0.002888403,0.0015426724,0.15,2.0916805e-07,2.0794671e-07,4.5418244e-07,2490386,-0.007650791,-0.01646979,-0.15131348,0.4,0.0008570999,0.00086151226,0.00051174284,527625,0.0,0.0,0.0,0.5,0.0025000002,0.0025000002,0.0025000002,1,0,1,0,1,0
572108324,572006566,2490386,-0.0021809267,0.0028873715,0.0015418305,0.15,2.102274e-07,2.090063e-07,4.5534028e-07,2490386,-0.0069137835,-0.018285614,-0.15399334,0.4,0.0008495949,0.0008540575,0.000511742,527625,0.0,0.0,0.0,0.5,0.0025000002,0.0025000002,0.0025000002,1,0,1,0,1,0
572265036,572164720,2490386,-0.0021883072,0.002886807,0.0015392919,0.15,2.1165933e-07,2.1043886e-07,4.5687813e-07,2490386,-0.006256407,-0.020318016,-0.15725802,0.4,0.000842727,0.00084723736,0.00051174173,527625,0.0,0.0,0.0,0.5,0.0025000002,0.0025000002,0.0025000002,1,0,1,0,1,0
572354623,572253681,2490386,-0.0021961236,0.002884454,0.0015374762,0.15,2.1241506e-07,2.111953e-07,4.5773191e-07,2490386,-0.0053786477,-0.022269089,-0.15927917,0.4,0.0008367265,0.0008412786,0.00051174214,527625,0.0,0.0,0.0,0.5,0.0025000002,0.0025000002,0.0025000002,1,0,1,0,1,0
572482944,572382185,2490386,-0.0022033362,0.0028834909,0.0015365924,0.15,2.1355613e-07,2.1233708e-07,4.589817e-07,2490386,-0.004912658,-0.023951288,-0.16101454,0.4,0.00083115464,0.0008357529,0.00051173806,527625,0.0,0.0,0.0,0.5,0.0025000002,0.0025000002,0.0025000002,1,0,1,0,1,0
572610836,572510682,2490386,-0.002212389,0.00288685,0.0015350311,0.15,2.1469393e-07,2.1347606e-07,4.6022618e-07,2490386,-0.005416329,-0.025869016,-0.16214392,0.4,0.0008260266,0.0008306593,0.0005117411,527625,0.0,0.0,0.0,0.5,0.0025000002,0.0025000002,0.0025000002,1,0,1,0,1,0
572740904,572639181,2490386,-0.0022192884,0.002875571,0.0015363054,0.15,2.1583323e-07,2.1461666e-07,4.614676e-07,2490386,-0.0029267177,-0.027264515,-0.16368803,0.4,0.0008210719,0.0008257308,0.000511742,527625,0.0,0.0,0.0,0.5,0.0025000002,0.0025000002,0.0025000002,1,0,1,0,1,0
572859894,572757797,2490386,-0.0022278929,0.0028757567,0.0015352345,0.15,2.1688264e-07,2.1566734e-07,4.6262085e-07,2490386,-0.003027941,-0.028964931,-0.16305725,0.4,0.0008162172,0.00082089566,0.00051174173,527625,0.0,0.0,0.0,0.5,0.0025000002,0.0025000002,0.0025000002,1,0,1,0,1,0
572996405,572896182,2490386,-0.0022352606,0.0028709308,0.0015345925,0.15,2.1811448e-07,2.16901e-07,4.6398068e-07,2490386,-0.0019461772,-0.0303714,-0.16427606,0.4,0.0008116625,0.0008163481,0.0005117413,527625,0.0,0.0,0.0,0.5,0.0025000002,0.0025000002,0.0025000002,1,0,1,0,1,0
573116069,573014798,2490386,-0.0022420438,0.0028635436,0.0015328388,0.15,2.1913566e-07,2.1792528e-07,4.6512906e-07,2490386,-0.00052288524,-0.031541802,-0.16571449,0.4,0.00080762326,0.0008122864,0.0005117408,527625,0.0,0.0,0.0,0.5,0.0025000002,0.0025000002,0.0025000002,1,0,1,0,1,0
573283050,573182836,2490386,-0.0022511114,0.0028505912,0.0015329148,0.15,2.2061225e-07,2.1940663e-07,4.66763e-07,2490386,0.001541904,-0.032875117,-0.1673281,0.4,0.0008038265,0.000808446,0.0005117415,527625,0.0,0.0,0.0,0.5,0.0025000002,0.0025000002,0.0025000002,1,0,1,0,1,0
573352840,573252028,2490386,-0.002259572,0.0028341897,0.0015338061,0.15,2.211197e-07,2.1991929e-07,4.6741948e-07,2490386,0.003971524,-0.034050293,-0.16919033,0.4,0.0008005997,0.0008051705,0.00051174185,527625,0.0,0.0,0.0,0.5,0.0025000002,0.0025000002,0.0025000002,1,0,1,0,1,0
573492103,573390413,2490386,-0.0022656568,0.0028184822,0.001534871,0.15,2.2228404e-07,2.2109013e-07,4.6874126e-07,2490386,0.0060523096,-0.034836367,-0.17105085,0.4,0.000797645,0.0008021609,0.00051174173,527625,0.0,0.0,0.0,0.5,0.0025000002,0.0025000002,0.0025000002,1,0,1,0,1,0
573621194,573518915,2490386,-0.0022727929,0.0027985077,0.0015360388,0.15,2.2332608e-07,2.221399e-07,4.6997872e-07,2490386,0.00829072,-0.035606164,-0.17214523,0.4,0.0007949809,0.0007994405,0.00051173987,527625,0.0,0.0,0.0,0.5,0.0025000002,0.0025000002,0.0025000002,1,0,1,0,1,0
573737727,573637529,2490386,-0.0022755465,0.0027765408,0.0015387542,0.15,2.2425102e-07,2.2307341e-07,4.711033e-07,2490386,0.010569962,-0.035935584,-0.17410353,0.4,0.00079261005,0.0007970161,0.0005117414,527625,0.0,0.0,0.0,0.5,0.0025000002,0.0025000002,0.0025000002,1,0,1,0,1,0
573856667,573756144,2490386,-0.0022796236,0.0027535746,0.0015433421,0.15,2.251536e-07,2.2398532e-07,4.7222505e-07,2490386,0.012675818,-0.036314636,-0.17573957,0.4,0.00079049217,0.0007948498,0.00051174185,527625,0.0,0.0,0.0,0.5,0.0025000002,0.0025000002,0.0025000002,1,0,1,0,1,0
573995557,573894529,2490386,-0.0022777724,0.0027236317,0.0015467429,0.15,2.2621556e-07,2.2505768e-07,4.7353896e-07,2490386,0.015072307,-0.036222454,-0.17728722,0.4,0.0007885626,0.000792875,0.0005117415,527625,0.0,0.0,0.0,0.5,0.0025000002,0.0025000002,0.0025000002,1,0,1,0,1,0
574114595,574013144,2490386,-0.002289631,0.0026863846,0.0015498158,0.15,2.2705112e-07,2.25907e-07,4.7469553e-07,2490386,0.01771529,-0.03701344,-0.17940673,0.4,0.0007869303,0.00079118874,0.00051174196,527625,0.0,0.0,0.0,0.5,0.0025000002,0.0025000002,0.0025000002,1,0,1,0,1,0
574273387,574171298,2490386,-0.0023245658,0.002632138,0.0015575787,0.15,2.2821787e-07,2.2710748e-07,4.7622626e-07,2490386,0.020948315,-0.038848262,-0.18146738,0.4,0.0007855339,0.000789704,0.00051174185,527625,0.0,0.0,0.0,0.5,0.0025000002,0.0025000002,0.0025000002,1,0,1,0,1,0
574352635,574250374,2490386,-0.0023687845,0.0025622223,0.001572694,0.15,2.2861089e-07,2.2755337e-07,4.7696676e-07,2490386,0.02465538,-0.04082615,-0.18319315,0.4,0.0007844095,0.0007884687,0.00051174295,527625,0.0,0.0,0.0,0.5,0.0025000002,0.0025000002,0.0025000002,1,0,1,0,1,0
574370437,574270144,2490386,-0.0023687829,0.0025622204,0.0015726929,0.15,2.2880594e-07,2.2774843e-07,4.7716145e-07,2490386,0.02465536,-0.04082612,-0.18319301,0.4,0.00078441005,0.0007884692,0.0005117439,527625,-0.060946926,-0.10164421,-0.04576597,0.5,0.0016318717,0.0013676673,0.0015902563,1,0,1,0,1,0
574459559,574359105,2490386,-0.0023687838,0.0025622214,0.0015726935,0.15,2.2968547e-07,2.2862795e-07,4.7804116e-07,2490386,0.02465537,-0.040826134,-0.18319307,0.4,0.0007844175,0.00078847754,0.0005117469,527625,-0.079873994,-0.13401967,-0.06112495,0.5,0.0014441614,0.0010209116,0.0013739613,1,0,1,0,1,0
574528881,574428297,2490386,-0.0023703605,0.0025572549,0.0015732456,0.15,2.3033165e-07,2.292767e-07,4.7872373e-07,2490386,0.025252081,-0.041017175,-0.18363559,0.4,0.00078397227,0.0007880275,0.0005117463,527625,-0.090649635,-0.14943567,-0.0685383,0.5,0.0013611106,0.0008507602,0.0012755117,1,0,1,0,1,0
574598235,574497489,2490386,-0.002370361,0.0025572553,0.001573246,0.15,2.3101566e-07,2.2996072e-07,4.7940784e-07,2490386,0.025252087,-0.041017182,-0.18363562,0.4,0.0007839775,0.00078803365,0.0005117473,527625,-0.09767208,-0.15745182,-0.07290984,0.5,0.0013143691,0.0007502835,0.001217755,1,0,1,0,1,0
574608003,574507373,2490386,-0.0023739191,0.0025483258,0.0015747122,0.15,2.3106124e-07,2.3001179e-07,4.7950283e-07,2490386,0.026153049,-0.0413599,-0.18409628,0.4,0.0007835286,0.00078756915,0.00051174354,527625,-0.09767208,-0.15745182,-0.07290984,0.5,0.0013143691,0.0007502835,0.001217755,1,0,1,0,1,0
574677927,574576565,2490386,-0.0023739194,0.002548326,0.0015747123,0.15,2.317452e-07,2.3069576e-07,4.801868e-07,2490386,0.02615305,-0.041359905,-0.18409628,0.4,0.0007835338,0.00078757526,0.0005117436,527625,-0.100872256,-0.16145164,-0.07493384,0.5,0.0012840868,0.000682723,0.0011801062,1,0,1,0,1,0
574735998,574635872,2490386,-0.0023810398,0.0025335592,0.0015779558,0.15,2.3225881e-07,2.3121991e-07,4.8076697e-07,2490386,0.027423805,-0.04192736,-0.18468317,0.4,0.000783096,0.0007871064,0.0005117441,527625,-0.100872256,-0.16145164,-0.07493384,0.5,0.0012840868,0.000682723,0.0011801062,1,0,1,0,1,0
575361670,575258593,2490386,-0.00247367,0.0022142048,0.0016177723,0.15,2.362194e-07,2.355263e-07,4.8679954e-07,2490386,0.031077994,-0.042052384,-0.18509926,0.4,0.0007824923,0.00078656204,0.00051175023,527625,-0.100872256,-0.16145164,-0.07493384,0.5,0.0012839279,0.00068260916,0.0011800796,1,0,1,0,1,0
575487590,575387091,2490386,-0.0024352318,0.0021128454,0.0016259102,0.15,2.3599489e-07,2.3540468e-07,4.880033e-07,2490386,0.033191893,-0.040818553,-0.18595096,0.4,0.0007814151,0.0007855789,0.0005117512,527625,-0.100872256,-0.16145164,-0.07493384,0.5,0.0012838967,0.00068258686,0.0011800744,1,0,1,0,1,0
575617133,575515590,2490386,-0.0023525956,0.0020816475,0.001645464,0.15,2.3581227e-07,2.3521847e-07,4.891782e-07,2490386,0.033445805,-0.03801677,-0.18737054,0.4,0.0007798371,0.0007841319,0.0005117508,527625,-0.100872256,-0.16145164,-0.07493384,0.5,0.001283835,0.00068254274,0.0011800642,1,0,1,0,1,0
575746898,575644087,2490386,-0.0022208176,0.002112251,0.0016849154,0.15,2.356722e-07,2.3499719e-07,4.903157e-07,2490386,0.0315066,-0.033042256,-0.18950641,0.4,0.0007777841,0.00078220986,0.0005117526,527625,-0.100872256,-0.16145164,-0.07493384,0.5,0.0012837743,0.0006824992,0.001180054,1,0,1,0,1,0
576111455,576009813,2490386,-0.0022426972,0.002059726,0.001685395,0.15,2.386776e-07,2.3805924e-07,4.9391275e-07,2490386,0.03244064,-0.03342541,-0.1896595,0.4,0.000777583,0.0007820228,0.00051175314,527625,-0.100872256,-0.16145164,-0.07493384,0.5,0.0012836257,0.0006823929,0.0011800294,1,0,1,0,1,0
576397606,576296463,2490386,-0.0022029756,0.0020604215,0.0016916431,0.15,2.407979e-07,2.4015702e-07,4.967127e-07,2490386,0.032440655,-0.033425424,-0.18965958,0.4,0.0007775933,0.00078203157,0.0005117602,527625,-0.09786505,-0.14618163,-0.07975303,0.5,0.0012558551,0.0006103628,0.0011591722,1,0,1,0,1,0
576498339,576395308,2490386,-0.0021645245,0.002075965,0.0017004572,0.15,2.4132518e-07,2.4065403e-07,4.9766027e-07,2490386,0.032439634,-0.033422757,-0.18965915,0.4,0.00077759736,0.00078203564,0.0005117644,527625,-0.099493444,-0.14369845,-0.08039511,0.5,0.001237906,0.00057015906,0.0011446109,1,0,1,0,1,0
576594462,576494152,2490386,-0.0021645257,0.0020759664,0.0017004582,0.15,2.4230238e-07,2.4163128e-07,4.9863786e-07,2490386,0.032439653,-0.033422776,-0.18965927,0.4,0.000777607,0.00078204536,0.00051177375,527625,-0.10150452,-0.14374247,-0.08089397,0.5,0.001224239,0.00054072216,0.0011326263,1,0,1,0,1,0
576693300,576592995,2490386,-0.0021156936,0.0020989354,0.0017123936,0.15,2.4276656e-07,2.4205974e-07,4.995821e-07,2490386,0.032420926,-0.033380385,-0.18965234,0.4,0.00077761844,0.0007820568,0.0005117844,527625,-0.102838606,-0.14201848,-0.080839805,0.5,0.0012135186,0.0005146971,0.0011242449,1,0,1,0,1,0
577365353,577265133,2490386,-0.0019910713,0.0021584672,0.00174142,0.15,2.4815327e-07,2.4738884e-07,5.061578e-07,2490386,0.031657375,-0.03206724,-0.18979397,0.4,0.00077657745,0.0007809958,0.00051176106,527625,-0.102838606,-0.14201848,-0.080839805,0.5,0.0012135186,0.0005146971,0.0011242449,1,0,1,0,1,0
577613645,577512242,2490386,-0.0019905565,0.0021602053,0.0017414358,0.15,2.505895e-07,2.49827e-07,5.0860143e-07,2490386,0.03084005,-0.031171134,-0.18994232,0.4,0.000774927,0.0007794187,0.0005117626,527625,-0.102838606,-0.14201848,-0.080839805,0.5,0.0012135186,0.0005146971,0.0011242449,1,0,1,0,1,0
577741089,577640749,2490386,-0.0019901437,0.0021622414,0.0017416867,0.15,2.5184883e-07,2.5108668e-07,5.0986085e-07,2490386,0.02988237,-0.030774327,-0.19014004,0.4,0.00077359704,0.00077823835,0.0005117521,527625,-0.102838606,-0.14201848,-0.080839805,0.5,0.0012135186,0.0005146971,0.0011242449,1,0,1,0,1,0
577999607,577897730,2490386,-0.0019896312,0.0021655604,0.0017420793,0.15,2.5437606e-07,2.5361305e-07,5.1241403e-07,2490386,0.028648611,-0.030182146,-0.19009651,0.4,0.0007698497,0.000775013,0.0005117655,527625,-0.102838606,-0.14201848,-0.080839805,0.5,0.0012135186,0.0005146971,0.0011242449,1,0,1,0,1,0
578274779,578174489,2490386,-0.0019886573,0.0021685353,0.0017426392,0.15,2.570746e-07,2.5630894e-07,5.1515156e-07,2490386,0.027712705,-0.029491952,-0.18959606,0.4,0.00076433487,0.00077016203,0.000511769,527625,-0.102838606,-0.14201848,-0.080839805,0.5,0.0012135186,0.0005146971,0.0011242449,1,0,1,0,1,0
578364263,578263447,2490386,-0.001989577,0.0021716524,0.0017425611,0.15,2.5792818e-07,2.5716068e-07,5.1603104e-07,2490386,0.026707062,-0.029701976,-0.18960011,0.4,0.0007611691,0.0007673494,0.0005117704,527625,-0.102838606,-0.14201848,-0.080839805,0.5,0.0012135186,0.0005146971,0.0011242449,1,0,1,0,1,0
578492808,578391941,2490386,-0.0019871914,0.0021743886,0.0017431171,0.15,2.5916157e-07,2.583914e-07,5.1730166e-07,2490386,0.02594217,-0.028922446,-0.18965855,0.4,0.0007575985,0.00076417805,0.00051177264,527625,-0.102838606,-0.14201848,-0.080839805,0.5,0.0012135186,0.0005146971,0.0011242449,1,0,1,0,1,0
578631997,578530320,2490386,-0.0019869972,0.002178089,0.0017430778,0.15,2.6047937e-07,2.59706e-07,5.186684e-07,2490386,0.024965243,-0.028812692,-0.18984395,0.4,0.00075353286,0.0007605215,0.00051177386,527625,-0.102838606,-0.14201848,-0.080839805,0.5,0.0012135186,0.0005146971,0.0011242449,1,0,1,0,1,0
578740962,578639045,2490386,-0.0019859225,0.002183426,0.0017430686,0.15,2.6149453e-07,2.6071737e-07,5.1974274e-07,2490386,0.023634113,-0.028511304,-0.19015014,0.4,0.0007492976,0.00075671816,0.0005117761,527625,-0.102838606,-0.14201848,-0.080839805,0.5,0.0012135186,0.0005146971,0.0011242449,1,0,1,0,1,0
578868118,578767539,2490386,-0.0019850684,0.0021894698,0.0017428894,0.15,2.6268788e-07,2.6190617e-07,5.2101126e-07,2490386,0.02224354,-0.028321575,-0.19066499,0.4,0.0007447355,0.0007526089,0.00051177776,527625,-0.102838606,-0.14201848,-0.080839805,0.5,0.0012135186,0.0005146971,0.0011242449,1,0,1,0,1,0
578986490,578886153,2490386,-0.0019817746,0.0021956663,0.0017430363,0.15,2.6376222e-07,2.629749e-07,5.221767e-07,2490386,0.020937912,-0.027670624,-0.19133914,0.4,0.0007399925,0.00074834464,0.0005117747,527625,-0.102838606,-0.14201848,-0.080839805,0.5,0.0012135186,0.0005146971,0.0011242449,1,0,1,0,1,0
579135410,579034413,2490386,-0.00198177,0.002205138,0.0017422129,0.15,2.651028e-07,2.643096e-07,5.236402e-07,2490386,0.01910907,-0.02772986,-0.19212896,0.4,0.000734842,0.00074364565,0.00051177805,527625,-0.102838606,-0.14201848,-0.080839805,0.5,0.0012135186,0.0005146971,0.0011242449,1,0,1,0,1,0
579273282,579172786,2490386,-0.0019789543,0.002213011,0.0017419537,0.15,2.6631884e-07,2.6551788e-07,5.2500815e-07,2490386,0.017711023,-0.027306404,-0.19301747,0.4,0.0007294751,0.0007387918,0.00051178405,527625,-0.102838606,-0.14201848,-0.080839805,0.5,0.0012135186,0.0005146971,0.0011242449,1,0,1,0,1,0
579373065,579271627,2490386,-0.0019780926,0.002224154,0.0017409733,0.15,2.6713013e-07,2.6631952e-07,5.2598034e-07,2490386,0.015838047,-0.027248487,-0.19397582,0.4,0.0007243155,0.0007341982,0.000511785,527625,-0.102838606,-0.14201848,-0.080839805,0.5,0.0012135186,0.0005146971,0.0011242449,1,0,1,0,1,0
579500233,579400120,2490386,-0.0019750423,0.0022361805,0.001740179,0.15,2.682076e-07,2.6738627e-07,5.2724545e-07,2490386,0.013957049,-0.02687633,-0.19505356,0.4,0.000719109,0.00072955585,0.0005117866,527625,-0.102838606,-0.14201848,-0.080839805,0.5,0.0012135186,0.0005146971,0.0011242449,1,0,1,0,1,0
579619711,579518728,2490386,-0.0019726087,0.002246515,0.0017394689,0.15,2.691624e-07,2.6832998e-07,5.284127e-07,2490386,0.012451433,-0.02660886,-0.19604778,0.4,0.00071399705,0.0007249763,0.0005117888,527625,-0.102838606,-0.14201848,-0.080839805,0.5,0.0012135186,0.0005146971,0.0011242449,1,0,1,0,1,0
579737770,579637336,2490386,-0.0019708439,0.002260115,0.0017383036,0.15,2.7009196e-07,2.6924658e-07,5.295795e-07,2490386,0.010604822,-0.026499078,-0.19743025,0.4,0.00070902205,0.00072055834,0.0005117908,527625,-0.102838606,-0.14201848,-0.080839805,0.5,0.0012135186,0.0005146971,0.0011242449,1,0,1,0,1,0
579866712,579765829,2490386,-0.0019668096,0.0022717516,0.0017376341,0.15,2.7108737e-07,2.702286e-07,5.308411e-07,2490386,0.009126154,-0.026117343,-0.19886182,0.4,0.0007041082,0.0007161698,0.00051179103,527625,-0.102838606,-0.14201848,-0.080839805,0.5,0.0012135186,0.0005146971,0.0011242449,1,0,1,0,1,0
579994615,579894321,2490386,-0.0019654213,0.002285003,0.0017363589,0.15,2.7204953e-07,2.7117812e-07,5.3210266e-07,2490386,0.007551817,-0.026082018,-0.2002856,0.4,0.0006993023,0.0007118293,0.00051179266,527625,-0.102838606,-0.14201848,-0.080839805,0.5,0.0012135186,0.0005146971,0.0011242449,1,0,1,0,1,0
580124474,580022813,2490386,-0.0019636652,0.0022990967,0.0017349358,0.15,2.7297762e-07,2.7209586e-07,5.333621e-07,2490386,0.00598434,-0.02604164,-0.20186715,0.4,0.00069463166,0.00070753443,0.00051179423,527625,-0.102838606,-0.14201848,-0.080839805,0.5,0.0012135186,0.0005146971,0.0011242449,1,0,1,0,1,0
580271274,580171073,2490386,-0.0019586424,0.0023112379,0.0017342347,0.15,2.7404386e-07,2.7315258e-07,5.3481506e-07,2490386,0.0047567193,-0.025718858,-0.20388728,0.4,0.0006900444,0.0007032772,0.0005117957,527625,-0.102838606,-0.14201848,-0.080839805,0.5,0.0012135186,0.0005146971,0.0011242449,1,0,1,0,1,0
580370435,580269912,2490386,-0.0019571083,0.0023230538,0.0017330108,0.15,2.7460626e-07,2.7371001e-07,5.3577855e-07,2490386,0.0036434825,-0.025764836,-0.20595153,0.4,0.00068587216,0.00069931505,0.0005117977,527625,-0.102838606,-0.14201848,-0.080839805,0.5,0.0012135186,0.0005146971,0.0011242449,1,0,1,0,1,0
580488856,580388520,2490386,-0.0019502791,0.0023366557,0.001732335,0.15,2.7533187e-07,2.744345e-07,5.369346e-07,2490386,0.0024451832,-0.025356459,-0.20817113,0.4,0.0006819572,0.00069552544,0.00051179883,527625,-0.102838606,-0.14201848,-0.080839805,0.5,0.0012135186,0.0005146971,0.0011242449,1,0,1,0,1,0
580617928,580517012,2490386,-0.0019482437,0.002355865,0.0017302084,0.15,2.7611466e-07,2.7522123e-07,5.381857e-07,2490386,0.00086203875,-0.0253894,-0.21064106,0.4,0.0006782408,0.00069184456,0.0005117994,527625,-0.102838606,-0.14201848,-0.080839805,0.5,0.0012135186,0.0005146971,0.0011242449,1,0,1,0,1,0
580735785,580635618,2490386,-0.0019406873,0.0023729354,0.0017292252,0.15,2.767701e-07,2.758828e-07,5.393404e-07,2490386,-0.0004021491,-0.024952753,-0.21319622,0.4,0.0006748172,0.0006884312,0.00051180157,527625,-0.102838606,-0.14201848,-0.080839805,0.5,0.0012135186,0.0005146971,0.0011242449,1,0,1,0,1,0
580865902,580764109,2490386,-0.0019403308,0.0023921833,0.0017268388,0.15,2.7748592e-07,2.7660187e-07,5.4059257e-07,2490386,-0.0017480862,-0.025030628,-0.21605814,0.4,0.00067166274,0.0006853634,0.0005118026,527625,-0.102838606,-0.14201848,-0.080839805,0.5,0.0012135186,0.0005146971,0.0011242449,1,0,1,0,1,0
580992881,580892600,2490386,-0.0019361158,0.00240952,0.0017252502,0.15,2.781721e-07,2.7728603e-07,5.4184653e-07,2490386,-0.0028126375,-0.024768544,-0.21873805,0.4,0.00066875387,0.0006826248,0.0005118037,527625,-0.102838606,-0.14201848,-0.080839805,0.5,0.0012135186,0.0005146971,0.0011242449,1,0,1,0,1,0
581112255,581011215,2490386,-0.0019345669,0.0024222974,0.0017239078,0.15,2.7873182e-07,2.7783946e-07,5.429952e-07,2490386,-0.003543822,-0.024693642,-0.22136019,0.4,0.0006660842,0.0006801691,0.00051179645,527625,-0.102838606,-0.14201848,-0.080839805,0.5,0.0012135186,0.0005146971,0.0011242449,1,0,1,0,1,0
581270071,581169349,2490386,-0.0019343842,0.0024369238,0.0017223741,0.15,2.7962037e-07,2.7871954e-07,5.4455296e-07,2490386,-0.0043405504,-0.024629457,-0.22415534,0.4,0.00066348666,0.0006777707,0.00051180687,527625,-0.102838606,-0.14201848,-0.080839805,0.5,0.0012135186,0.0005146971,0.0011242449,1,0,1,0,1,0
581368503,581268187,2490386,-0.0019335753,0.002446623,0.0017214258,0.15,2.7991774e-07,2.7900956e-07,5.4551543e-07,2490386,-0.0048097894,-0.024650939,-0.22733866,0.4,0.0006611403,0.00067557604,0.00051180867,527625,-0.102838606,-0.14201848,-0.080839805,0.5,0.0012135186,0.0005146971,0.0011242449,1,0,1,0,1,0
581497240,581396678,2490386,-0.0019378363,0.0024608236,0.001719493,0.15,2.8046716e-07,2.7955306e-07,5.4676894e-07,2490386,-0.0055669053,-0.02482159,-0.23030104,0.4,0.00065894425,0.000673477,0.00051180937,527625,-0.102838606,-0.14201848,-0.080839805,0.5,0.0012135186,0.0005146971,0.0011242449,1,0,1,0,1,0
581617615,581515284,2490386,-0.0019360221,0.002466538,0.0017190857,0.15,2.8088513e-07,2.799731e-07,5.479223e-07,2490386,-0.005763124,-0.024939857,-0.23408931,0.4,0.00065695297,0.0006715019,0.00051181053,527625,-0.102838606,-0.14201848,-0.080839805,0.5,0.0012135186,0.0005146971,0.0011242449,1,0,1,0,1,0
581734185,581633890,2490386,-0.0019354387,0.0024773395,0.0017180268,0.15,2.812674e-07,2.803622e-07,5.4907395e-07,2490386,-0.0061917263,-0.025013382,-0.2371037,0.4,0.0006551837,0.0006696961,0.0005118119,527625,-0.102838606,-0.14201848,-0.080839805,0.5,0.0012135186,0.0005146971,0.0011242449,1,0,1,0,1,0
581862750,581762380,2490386,-0.0019443978,0.0024973375,0.0017145026,0.15,2.8169686e-07,2.8080657e-07,5.503185e-07,2490386,-0.00701128,-0.025505861,-0.24054463,0.4,0.0006536211,0.00066804624,0.00051181286,527625,-0.102838606,-0.14201848,-0.080839805,0.5,0.0012135186,0.0005146971,0.0011242449,1,0,1,0,1,0
581991466,581890870,2490386,-0.0019455904,0.0025088699,0.0017128822,0.15,2.8206858e-07,2.8119845e-07,5.515594e-07,2490386,-0.007386689,-0.025783647,-0.24382357,0.4,0.00065228395,0.00066659704,0.0005118139,527625,-0.102838606,-0.14201848,-0.080839805,0.5,0.0012135186,0.0005146971,0.0011242449,1,0,1,0,1,0
582119726,582019359,2490386,-0.0019453162,0.002516994,0.0017118155,0.15,2.8242843e-07,2.815848e-07,5.527984e-07,2490386,-0.007637419,-0.025997417,-0.24632049,0.4,0.00065104023,0.00066519063,0.00051181624,527625,-0.102838606,-0.14201848,-0.080839805,0.5,0.0012135186,0.0005146971,0.0011242449,1,0,1,0,1,0
582268307,582167616,2490386,-0.0019442533,0.0025414478,0.0017083166,0.15,2.8286698e-07,2.820544e-07,5.542257e-07,2490386,-0.008266405,-0.026594829,-0.25090852,0.4,0.00064993656,0.0006638986,0.0005118177,527625,-0.102838606,-0.14201848,-0.080839805,0.5,0.0012135186,0.0005146971,0.0011242449,1,0,1,0,1,0
582368455,582266455,2490386,-0.0019426197,0.0025558711,0.0017062178,0.15,2.828022e-07,2.8202714e-07,5.5515807e-07,2490386,-0.0085733,-0.027077353,-0.2551195,0.4,0.0006489368,0.0006626672,0.0005118177,527625,-0.102838606,-0.14201848,-0.080839805,0.5,0.0012135186,0.0005146971,0.0011242449,1,0,1,0,1,0
582495243,582394945,2490386,-0.0019404205,0.0025602719,0.0017058045,0.15,2.8296157e-07,2.8222718e-07,5.563806e-07,2490386,-0.008654112,-0.027343858,-0.25867632,0.4,0.0006479509,0.0006614353,0.00051181775,527625,-0.102838606,-0.14201848,-0.080839805,0.5,0.0012135186,0.0005146971,0.0011242449,1,0,1,0,1,0
582614203,582513551,2490386,-0.0019307918,0.0025702184,0.0017055884,0.15,2.8299556e-07,2.8230622e-07,5.575027e-07,2490386,-0.008958766,-0.027654734,-0.26293722,0.4,0.0006469228,0.000660142,0.00051181787,527625,-0.102838606,-0.14201848,-0.080839805,0.5,0.0012135186,0.0005146971,0.0011242449,1,0,1,0,1,0
582733236,582632159,2490386,-0.0019324692,0.002591329,0.0017020146,0.15,2.8300238e-07,2.823577e-07,5.586221e-07,2490386,-0.009161605,-0.028488073,-0.26675826,0.4,0.0006458293,0.0006587853,0.0005118157,527625,-0.102838606,-0.14201848,-0.080839805,0.5,0.0012135186,0.0005146971,0.0011242449,1,0,1,0,1,0
582871172,582770529,2490386,-0.0019292928,0.002594538,0.0017019393,0.15,2.831418e-07,2.8254178e-07,5.5994195e-07,2490386,-0.009219501,-0.028764743,-0.27087757,0.4,0.00064461096,0.0006573007,0.0005118197,527625,-0.102838606,-0.14201848,-0.080839805,0.5,0.0012135186,0.0005146971,0.0011242449,1,0,1,0,1,0
582999867,582899018,2490386,-0.0019290028,0.0026070224,0.0016999891,0.15,2.8314508e-07,2.825923e-07,5.6115744e-07,2490386,-0.009297332,-0.029353231,-0.27431256,0.4,0.00064325804,0.000655668,0.00051182037,527625,-0.102838606,-0.14201848,-0.080839805,0.5,0.0012135186,0.0005146971,0.0011242449,1,0,1,0,1,0
583120429,583017624,2490386,-0.0019253057,0.0026209801,0.0016983923,0.15,2.830519e-07,2.825395e-07,5.622796e-07,2490386,-0.009481352,-0.029949663,-0.27750674,0.4,0.00064181123,0.00065398606,0.0005118205,527625,-0.102838606,-0.14201848,-0.080839805,0.5,0.0012135186,0.0005146971,0.0011242449,1,0,1,0,1,0
583285759,583185652,2490386,-0.001929463,0.0026332105,0.0016960005,0.15,2.8333733e-07,2.8286718e-07,5.63879e-07,2490386,-0.009371189,-0.030597704,-0.28098816,0.4,0.0006401179,0.0006520627,0.0005118176,527625,-0.102838606,-0.14201848,-0.080839805,0.5,0.0012135186,0.0005146971,0.0011242449,1,0,1,0,1,0
583365172,583264719,2490386,-0.0019209648,0.0026423035,0.0016960633,0.15,2.82848e-07,2.8240942e-07,5.6461346e-07,2490386,-0.009666177,-0.030984508,-0.28419295,0.4,0.0006384901,0.0006502532,0.00051182153,527625,-0.102838606,-0.14201848,-0.080839805,0.5,0.0012135186,0.0005146971,0.0011242449,1,0,1,0,1,0
583494083,583393209,2490386,-0.0019055732,0.0026476798,0.0016977759,0.15,2.828216e-07,2.8240711e-07,5.6583144e-07,2490386,-0.010159306,-0.031182189,-0.2878846,0.4,0.00063679786,0.00064840954,0.00051182136,527625,-0.102838606,-0.14201848,-0.080839805,0.5,0.0012135186,0.0005146971,0.0011242449,1,0,1,0,1,0
583612599,583511814,2490386,-0.001900844,0.0026522789,0.001697883,0.15,2.8265976e-07,2.822652e-07,5.669517e-07,2490386,-0.010246198,-0.03145604,-0.29165858,0.4,0.00063513947,0.0006465958,0.0005118223,527625,-0.102838606,-0.14201848,-0.080839805,0.5,0.0012135186,0.0005146971,0.0011242449,1,0,1,0,1,0
583741110,583640304,2490386,-0.0018971491,0.0026683877,0.0016963449,0.15,2.8254155e-07,2.8215982e-07,5.6817004e-07,2490386,-0.010329088,-0.032137565,-0.29580253,0.4,0.0006335643,0.0006448858,0.000511822,527625,-0.102838606,-0.14201848,-0.080839805,0.5,0.0012135186,0.0005146971,0.0011242449,1,0,1,0,1,0
583870839,583768793,2490386,-0.0018985503,0.0026796025,0.0016947347,0.15,2.8238705e-07,2.8200975e-07,5.693885e-07,2490386,-0.010241544,-0.032648005,-0.29949784,0.4,0.000632131,0.00064333313,0.00051182264,527625,-0.102838606,-0.14201848,-0.080839805,0.5,0.0012135186,0.0005146971,0.0011242449,1,0,1,0,1,0
583987600,583887398,2490386,-0.0018935286,0.0026859909,0.0016947078,0.15,2.8213398e-07,2.8175228e-07,5.705136e-07,2490386,-0.010323322,-0.032929305,-0.30302304,0.4,0.000630867,0.00064197794,0.00051182363,527625,-0.102838606,-0.14201848,-0.080839805,0.5,0.0012135186,0.0005146971,0.0011242449,1,0,1,0,1,0
584116747,584015887,2490386,-0.0018958431,0.0026950366,0.001693397,0.15,2.8194196e-07,2.8154582e-07,5.7173753e-07,2490386,-0.010218794,-0.03330945,-0.30624932,0.4,0.00062977226,0.00064081815,0.0005118243,527625,-0.102838606,-0.14201848,-0.080839805,0.5,0.0012135186,0.0005146971,0.0011242449,1,0,1,0,1,0
584274927,584174028,2490386,-0.0019024847,0.00270142,0.0016917565,0.15,2.8205642e-07,2.8163979e-07,5.7325553e-07,2490386,-0.010074007,-0.033612743,-0.30775154,0.4,0.0006287769,0.00063973304,0.00051182444,527625,-0.102838606,-0.14201848,-0.080839805,0.5,0.0012135186,0.0005146971,0.0011242449,1,0,1,0,1,0
584363365,584262982,2490386,-0.0018948487,0.0027120172,0.0016918095,0.15,2.8153605e-07,2.8109378e-07,5.7409545e-07,2490386,-0.010220575,-0.03388592,-0.31113014,0.4,0.00062793825,0.00063883496,0.00051182474,527625,-0.102838606,-0.14201848,-0.080839805,0.5,0.0012135186,0.0005146971,0.0011242449,1,0,1,0,1,0
584492303,584391470,2490386,-0.0018948453,0.0027128016,0.0016917055,0.15,2.8130336e-07,2.8083682e-07,5.753287e-07,2490386,-0.010123155,-0.03402115,-0.31446603,0.4,0.00062724657,0.00063809805,0.00051182625,527625,-0.102838606,-0.14201848,-0.080839805,0.5,0.0012135186,0.0005146971,0.0011242449,1,0,1,0,1,0
584612958,584510075,2490386,-0.0018982297,0.0027226051,0.0016903437,0.15,2.809297e-07,2.8044124e-07,5.764649e-07,2490386,-0.010025848,-0.034321275,-0.31748617,0.4,0.0006266689,0.0006374816,0.0005118269,527625,-0.102838606,-0.14201848,-0.080839805,0.5,0.0012135186,0.0005146971,0.0011242449,1,0,1,0,1,0
584738972,584638564,2490386,-0.0018929612,0.0027396404,0.0016894612,0.15,2.806033e-07,2.800758e-07,5.7768244e-07,2490386,-0.010112315,-0.03462679,-0.3202169,0.4,0.00062621466,0.0006369537,0.00051182735,527625,-0.102838606,-0.14201848,-0.080839805,0.5,0.0012135186,0.0005146971,0.0011242449,1,0,1,0,1,0
584867341,584767052,2490386,-0.0018969278,0.002739205,0.0016884465,0.15,2.8028433e-07,2.796477e-07,5.788197e-07,2490386,-0.00998145,-0.03476034,-0.3230219,0.4,0.0006258982,0.00063640514,0.0005118287,527625,-0.102838606,-0.14201848,-0.080839805,0.5,0.0012135186,0.0005146971,0.0011242449,1,0,1,0,1,0
584996047,584895541,2490386,-0.0019012297,0.0027351563,0.0016868756,0.15,2.8005496e-07,2.7913984e-07,5.7975626e-07,2490386,-0.009859869,-0.03488118,-0.32560655,0.4,0.000625711,0.00063568,0.0005118287,527625,-0.102838606,-0.14201848,-0.080839805,0.5,0.0012135186,0.0005146971,0.0011242449,1,0,1,0,1,0
585114839,585014145,2490386,-0.0018928571,0.0027141247,0.0016940281,0.15,2.7997828e-07,2.7853585e-07,5.8035647e-07,2490386,-0.009699758,-0.0346524,-0.32829633,0.4,0.00062558963,0.0006346694,0.0005118296,527625,-0.102838606,-0.14201848,-0.080839805,0.5,0.0012135186,0.0005146971,0.0011242449,1,0,1,0,1,0
585273822,585172284,2490386,-0.0018899768,0.0026741575,0.0016966754,0.15,2.8057465e-07,2.7825064e-07,5.810374e-07,2490386,-0.009426964,-0.034770485,-0.33092713,0.4,0.00062546565,0.0006332533,0.00051183085,527625,-0.102838606,-0.14201848,-0.080839805,0.5,0.0012135186,0.0005146971,0.0011242449,1,0,1,0,1,0
585363115,585261237,2490386,-0.0018838055,0.0026728003,0.0017038968,0.15,2.8078253e-07,2.7746256e-07,5.8108094e-07,2490386,-0.009316887,-0.034596704,-0.33332658,0.4,0.00062531827,0.0006319772,0.00051183143,527625,-0.102838606,-0.14201848,-0.080839805,0.5,0.0012135186,0.0005146971,0.0011242449,1,0,1,0,1,0
585490263,585389725,2490386,-0.0018807888,0.0026638054,0.0017063613,0.15,2.815764e-07,2.771656e-07,5.8152625e-07,2490386,-0.009209831,-0.034694433,-0.3358163,0.4,0.0006251276,0.00063075434,0.00051183195,527625,-0.102838606,-0.14201848,-0.080839805,0.5,0.0012135186,0.0005146971,0.0011242449,1,0,1,0,1,0
585608655,585508329,2490386,-0.0018768432,0.0026660545,0.0017130295,0.15,2.823873e-07,2.7691567e-07,5.8199294e-07,2490386,-0.009099137,-0.03456587,-0.33770713,0.4,0.00062491075,0.00062972406,0.0005118327,527625,-0.102838606,-0.14201848,-0.080839805,0.5,0.0012135186,0.0005146971,0.0011242449,1,0,1,0,1,0
585737431,585636825,2490386,-0.001875019,0.0026634494,0.0017138453,0.15,2.833502e-07,2.7691792e-07,5.8269546e-07,2490386,-0.009060338,-0.03472193,-0.33901435,0.4,0.0006246652,0.0006288242,0.0005118249,527625,-0.102838606,-0.14201848,-0.080839805,0.5,0.0012135186,0.0005146971,0.0011242449,1,0,1,0,1,0
585865847,585765305,2490386,-0.0018767818,0.0026681253,0.001711461,0.15,2.843332e-07,2.769663e-07,5.834941e-07,2490386,-0.009076027,-0.03483745,-0.3421054,0.4,0.0006244369,0.0006281805,0.00051183376,527625,-0.102838606,-0.14201848,-0.080839805,0.5,0.0012135186,0.0005146971,0.0011242449,1,0,1,0,1,0
585994848,585893793,2490386,-0.0018738962,0.002672513,0.0017184416,0.15,2.8532227e-07,2.7704652e-07,5.8436814e-07,2490386,-0.0088869305,-0.03468782,-0.34512642,0.4,0.0006242013,0.0006277057,0.0005118343,527625,-0.102838606,-0.14201848,-0.080839805,0.5,0.0012135186,0.0005146971,0.0011242449,1,0,1,0,1,0
586115622,586012397,2490386,-0.0018737878,0.002676716,0.0017193375,0.15,2.8624174e-07,2.771393e-07,5.8523744e-07,2490386,-0.00885526,-0.034731682,-0.34756327,0.4,0.00062398537,0.0006273143,0.00051183504,527625,-0.102838606,-0.14201848,-0.080839805,0.5,0.0012135186,0.0005146971,0.0011242449,1,0,1,0,1,0
586290618,586190303,2490386,-0.0018722839,0.0026646894,0.0017192957,0.15,2.8774798e-07,2.7779836e-07,5.8675425e-07,2490386,-0.008840609,-0.03492588,-0.35070035,0.4,0.000623774,0.0006269652,0.0005118359,527625,-0.102838606,-0.14201848,-0.080839805,0.5,0.0012135186,0.0005146971,0.0011242449,1,0,1,0,1,0
586369820,586269372,2490386,-0.0018767299,0.002681153,0.0017164875,0.15,2.8831607e-07,2.7762607e-07,5.873569e-07,2490386,-0.008883929,-0.034826327,-0.35189146,0.4,0.0006235854,0.00062667707,0.0005118364,527625,-0.102838606,-0.14201848,-0.080839805,0.5,0.0012135186,0.0005146971,0.0011242449,1,0,1,0,1,0
586865468,586763555,2490386,-0.0019051335,0.0027886361,0.0016982029,0.15,2.898733e-07,2.7677746e-07,5.9192786e-07,2490386,-0.009685209,-0.034942113,-0.3525746,0.4,0.00062325475,0.0006263008,0.0005118378,527625,-0.102838606,-0.14201848,-0.080839805,0.5,0.0012135186,0.0005146971,0.0011242449,1,0,1,0,1,0
587269695,587168785,2490386,-0.0018989763,0.0029121917,0.0016882983,0.15,2.8314057e-07,2.7203296e-07,5.9503054e-07,2490386,-0.011720529,-0.034874983,-0.3533243,0.4,0.0006208211,0.00062356045,0.00051183824,527625,-0.102838606,-0.14201848,-0.080839805,0.5,0.0012135186,0.0005146971,0.0011242449,1,0,1,0,1,0
587991482,587890282,2490386,-0.0019256785,0.0029369837,0.0016955946,0.15,2.6370182e-07,2.5896645e-07,5.9966567e-07,2490386,-0.012620685,-0.03550296,-0.35236832,0.4,0.00060969475,0.0006132805,0.0005118474,527625,-0.102838606,-0.14201848,-0.080839805,0.5,0.0012135186,0.0005146971,0.0011242449,1,0,1,0,1,0
588268940,588167017,2490386,-0.0019198548,0.002895459,0.0016941045,0.15,2.6034624e-07,2.5622919e-07,6.0210493e-07,2490386,-0.011542081,-0.03530405,-0.35137975,0.4,0.0006047102,0.00060922804,0.0005118521,527625,-0.102838606,-0.14201848,-0.080839805,0.5,0.0012135186,0.0005146971,0.0011242449,1,0,1,0,1,0
588484616,588384451,2490386,-0.0019069514,0.002854162,0.0016922785,0.15,2.5757092e-07,2.5366083e-07,6.041397e-07,2490386,-0.010267485,-0.03487721,-0.35091898,0.4,0.0005995688,0.00060506037,0.0005118559,527625,-0.102838606,-0.14201848,-0.080839805,0.5,0.0012135186,0.0005146971,0.0011242449,1,0,1,0,1,0
588732684,588631534,2490386,-0.0019165756,0.0028175262,0.0016931678,0.15,2.5574906e-07,2.5185838e-07,6.065477e-07,2490386,-0.0089628585,-0.035192825,-0.35144722,0.4,0.00059429236,0.0006006294,0.0005118599,527625,-0.102838606,-0.14201848,-0.080839805,0.5,0.0012135186,0.0005146971,0.0011242449,1,0,1,0,1,0
588990142,588888500,2490386,-0.001955977,0.0027859728,0.0016970673,0.15,2.543912e-07,2.5052466e-07,6.089601e-07,2490386,-0.0076524233,-0.03651019,-0.35186207,0.4,0.0005890382,0.00059593056,0.0005118641,527625,-0.102838606,-0.14201848,-0.080839805,0.5,0.0012135186,0.0005146971,0.0011242449,1,0,1,0,1,0
589101374,588997216,2490386,-0.0019865497,0.0027880191,0.0016949036,0.15,2.5368928e-07,2.498802e-07,6.098637e-07,2490386,-0.0075300043,-0.037725467,-0.35236695,0.4,0.0005865788,0.00059357204,0.00051186554,527625,-0.102838606,-0.14201848,-0.080839805,0.5,0.0012135186,0.0005146971,0.0011242449,1,0,1,0,1,0
589265399,589165241,2490386,-0.0020266303,0.0027768074,0.0016979157,0.15,2.5355467e-07,2.4986878e-07,6.111921e-07,2490386,-0.006749003,-0.039068457,-0.35280767,0.4,0.0005840639,0.0005909733,0.000511858,527625,-0.102838606,-0.14201848,-0.080839805,0.5,0.0012135186,0.0005146971,0.0011242449,1,0,1,0,1,0
589354868,589254181,2490386,-0.0020506391,0.0027798982,0.0016935528,0.15,2.528528e-07,2.4932174e-07,6.117209e-07,2490386,-0.006555366,-0.040134065,-0.35352865,0.4,0.0005818519,0.0005885803,0.000511869,527625,-0.102838606,-0.14201848,-0.080839805,0.5,0.0012135186,0.0005146971,0.0011242449,1,0,1,0,1,0
589612579,589511147,2490386,-0.0020657962,0.0027575097,0.0017026433,0.15,2.52472e-07,2.4937845e-07,6.133609e-07,2490386,-0.005365069,-0.040420733,-0.35410938,0.4,0.00057785603,0.0005839405,0.0005118705,527625,-0.102838606,-0.14201848,-0.080839805,0.5,0.0012135186,0.0005146971,0.0011242449,1,0,1,0,1,0
589731499,589629746,2490386,-0.0020685992,0.0027703661,0.0016911048,0.15,2.5231154e-07,2.4947155e-07,6.140884e-07,2490386,-0.005700877,-0.040980272,-0.35513958,0.4,0.0005761127,0.0005818232,0.000511872,527625,-0.102838606,-0.14201848,-0.080839805,0.5,0.0012135186,0.0005146971,0.0011242449,1,0,1,0,1,0
589937056,589837293,2490386,-0.0020679813,0.0027507073,0.0017018169,0.15,2.5309538e-07,2.505183e-07,6.15732e-07,2490386,-0.0048477417,-0.04061445,-0.35559615,0.4,0.00057448645,0.00057983655,0.00051187514,527625,-0.102838606,-0.14201848,-0.080839805,0.5,0.0012135186,0.0005146971,0.0011242449,1,0,1,0,1,0
590006124,589906477,2490386,-0.0020771506,0.0027548515,0.0016958107,0.15,2.5257648e-07,2.5026216e-07,6.160506e-07,2490386,-0.0047916947,-0.04114663,-0.3564553,0.4,0.00057292933,0.000577951,0.00051187427,527625,-0.102838606,-0.14201848,-0.080839805,0.5,0.0012135186,0.0005146971,0.0011242449,1,0,1,0,1,0
590273597,590173321,2490386,-0.0020912327,0.0027503378,0.0016926753,0.15,2.5291058e-07,2.511214e-07,6.1807117e-07,2490386,-0.0042530135,-0.041689422,-0.35856968,0.4,0.0005700212,0.00057448616,0.0005118791,527625,-0.102838606,-0.14201848,-0.080839805,0.5,0.0012135186,0.0005146971,0.0011242449,1,0,1,0,1,0
590482960,590380866,2490386,-0.0020743269,0.0027402958,0.0016969185,0.15,2.5289873e-07,2.5159588e-07,6.196241e-07,2490386,-0.0038429804,-0.041059505,-0.36058673,0.4,0.0005675083,0.0005715334,0.0005118829,527625,-0.102838606,-0.14201848,-0.080839805,0.5,0.0012135186,0.0005146971,0.0011242449,1,0,1,0,1,0
590609526,590509347,2490386,-0.0020723063,0.0027305232,0.0017000637,0.15,2.531583e-07,2.520922e-07,6.2066704e-07,2490386,-0.0033826914,-0.040845152,-0.36183506,0.4,0.00056633493,0.00057017314,0.00051188405,527625,-0.102838606,-0.14201848,-0.080839805,0.5,0.0012135186,0.0005146971,0.0011242449,1,0,1,0,1,0
590738104,590637838,2490386,-0.0020847565,0.0027384355,0.0016915841,0.15,2.53396e-07,2.5255952e-07,6.2171875e-07,2490386,-0.0033408925,-0.04139754,-0.36397952,0.4,0.0005652168,0.0005689048,0.00051187427,527625,-0.102838606,-0.14201848,-0.080839805,0.5,0.0012135186,0.0005146971,0.0011242449,1,0,1,0,1,0
590857771,590756421,2490386,-0.0020515055,0.002715736,0.0017081939,0.15,2.535791e-07,2.5294975e-07,6.2272113e-07,2490386,-0.0027936702,-0.039972514,-0.36547908,0.4,0.0005641392,0.00056772603,0.0005118902,527625,-0.102838606,-0.14201848,-0.080839805,0.5,0.0012135186,0.0005146971,0.0011242449,1,0,1,0,1,0
590985256,590884900,2490386,-0.0020646185,0.0027183385,0.0017017013,0.15,2.5384637e-07,2.5341365e-07,6.2382765e-07,2490386,-0.0025931634,-0.04039177,-0.36733252,0.4,0.0005631062,0.0005666225,0.0005118924,527625,-0.102838606,-0.14201848,-0.080839805,0.5,0.0012135186,0.0005146971,0.0011242449,1,0,1,0,1,0
591115261,591013379,2490386,-0.0020581589,0.00272445,0.0017014818,0.15,2.5410029e-07,2.5385006e-07,6.2495934e-07,2490386,-0.0026842821,-0.040231384,-0.3698994,0.4,0.00056212186,0.00056560506,0.0005118941,527625,-0.102838606,-0.14201848,-0.080839805,0.5,0.0012135186,0.0005146971,0.0011242449,1,0,1,0,1,0
591277029,591176449,2490386,-0.0020616024,0.0027216987,0.0017014194,0.15,2.5455242e-07,2.544765e-07,6.264038e-07,2490386,-0.0024627624,-0.04023929,-0.3718171,0.4,0.0005611813,0.00056467135,0.0005118938,527625,-0.102838606,-0.14201848,-0.080839805,0.5,0.0012135186,0.0005146971,0.0011242449,1,0,1,0,1,0
591355884,591255511,2490386,-0.0020454647,0.0027253656,0.0017050423,0.15,2.5431547e-07,2.54386e-07,6.270854e-07,2490386,-0.0025979425,-0.0397689,-0.37360626,0.4,0.0005603171,0.0005638376,0.0005118971,527625,-0.102838606,-0.14201848,-0.080839805,0.5,0.0012135186,0.0005146971,0.0011242449,1,0,1,0,1,0
591474572,591374105,2490386,-0.002045364,0.002717427,0.0017042657,0.15,2.5444749e-07,2.5464502e-07,6.281642e-07,2490386,-0.002259036,-0.039568134,-0.3754553,0.4,0.00055948,0.00056306744,0.0005119004,527625,-0.102838606,-0.14201848,-0.080839805,0.5,0.0012135186,0.0005146971,0.0011242449,1,0,1,0,1,0
591608441,591507524,2490386,-0.002046416,0.0027242233,0.0017038616,0.15,2.546119e-07,2.549215e-07,6.29339e-07,2490386,-0.002351073,-0.039521668,-0.3770817,0.4,0.0005586716,0.00056235725,0.0005119046,527625,-0.102838606,-0.14201848,-0.080839805,0.5,0.0012135186,0.0005146971,0.0011242449,1,0,1,0,1,0
591726627,591626118,2490386,-0.0020414996,0.002727564,0.0017054512,0.15,2.5462728e-07,2.5502106e-07,6.303917e-07,2490386,-0.0023782188,-0.039255347,-0.37918717,0.4,0.00055786147,0.0005616917,0.0005119068,527625,-0.102838606,-0.14201848,-0.080839805,0.5,0.0012135186,0.0005146971,0.0011242449,1,0,1,0,1,0
592260420,592159806,2490386,-0.00197214,0.0027461343,0.0017426296,0.15,2.527537e-07,2.5263603e-07,6.324144e-07,2490386,-0.0025429316,-0.03868591,-0.3802407,0.4,0.0005571718,0.0005610424,0.00051189796,527625,-0.102838606,-0.14201848,-0.080839805,0.5,0.0012135186,0.0005146971,0.0011242449,1,0,1,0,1,0
592477889,592377210,2490386,-0.0019369061,0.002752444,0.0017622792,0.15,2.4996015e-07,2.493487e-07,6.3017336e-07,2490386,-0.0026361018,-0.03836955,-0.3813117,0.4,0.00055581756,0.00055969483,0.000511919,527625,-0.102838606,-0.14201848,-0.080839805,0.5,0.0012135186,0.0005146971,0.0011242449,1,0,1,0,1,0
592736470,592634163,2490386,-0.0019136794,0.0027512652,0.0017713914,0.15,2.4685136e-07,2.4606433e-07,6.267648e-07,2490386,-0.0025921909,-0.038104966,-0.3825759,0.4,0.0005537124,0.00055741734,0.0005119214,527625,-0.102838606,-0.14201848,-0.080839805,0.5,0.0012135186,0.0005146971,0.0011242449,1,0,1,0,1,0
592972015,592871353,2490386,-0.0019162261,0.0027476111,0.0017690614,0.15,2.4364118e-07,2.4318157e-07,6.2312836e-07,2490386,-0.0024744994,-0.038332228,-0.3838688,0.4,0.00055129506,0.00055453903,0.00051191973,527625,-0.102838606,-0.14201848,-0.080839805,0.5,0.0012135186,0.0005146971,0.0011242449,1,0,1,0,1,0
593268375,593167834,2490386,-0.001898191,0.0027553362,0.00178468,0.15,2.411642e-07,2.4147096e-07,6.204669e-07,2490386,-0.0025766827,-0.037992336,-0.38575438,0.4,0.0005487271,0.0005511935,0.00051192427,527625,-0.102838606,-0.14201848,-0.080839805,0.5,0.0012135186,0.0005146971,0.0011242449,1,0,1,0,1,0
593446597,593345726,2490386,-0.0018948792,0.0027547153,0.0017860992,0.15,2.404894e-07,2.4127044e-07,6.198579e-07,2490386,-0.0025211985,-0.037965223,-0.3867901,0.4,0.00054753496,0.0005495416,0.0005119234,527625,-0.102838606,-0.14201848,-0.080839805,0.5,0.0012135186,0.0005146971,0.0011242449,1,0,1,0,1,0
593733075,593632322,2490386,-0.0019275799,0.002755548,0.0017792784,0.15,2.3706671e-07,2.3935098e-07,6.1722073e-07,2490386,-0.0025422645,-0.038796917,-0.38811386,0.4,0.0005442295,0.00054473383,0.0005119293,527625,-0.102838606,-0.14201848,-0.080839805,0.5,0.0012135186,0.0005146971,0.0011242449,1,0,1,0,1,0
593900079,593800328,2490386,-0.0019234011,0.0027458419,0.0017717411,0.15,2.3690608e-07,2.396877e-07,6.174866e-07,2490386,-0.0022089747,-0.038706478,-0.38909614,0.4,0.00054321816,0.0005432017,0.0005119309,527625,-0.102838606,-0.14201848,-0.080839805,0.5,0.0012135186,0.0005146971,0.0011242449,1,0,1,0,1,0
594108996,594007862,2490386,-0.0019464926,0.0027384448,0.0017599688,0.15,2.3568003e-07,2.3939373e-07,6.1731583e-07,2490386,-0.0019486609,-0.039412793,-0.39072493,0.4,0.00054133893,0.000540314,0.00051193475,527625,-0.102838606,-0.14201848,-0.080839805,0.5,0.0012135186,0.0005146971,0.0011242449,1,0,1,0,1,0
594275961,594175865,2490386,-0.0019283148,0.0027458612,0.0017714783,0.15,2.3576237e-07,2.3992715e-07,6.180641e-07,2490386,-0.002078349,-0.038935505,-0.39178196,0.4,0.0005404021,0.00053886627,0.00051193824,527625,-0.102838606,-0.14201848,-0.080839805,0.5,0.0012135186,0.0005146971,0.0011242449,1,0,1,0,1,0
594355443,594254926,2490386,-0.001939805,0.002741501,0.0017653512,0.15,2.3517951e-07,2.3974235e-07,6.181098e-07,2490386,-0.0019242042,-0.039319754,-0.392771,0.4,0.00053956785,0.0005375637,0.00051193894,527625,-0.102838606,-0.14201848,-0.080839805,0.5,0.0012135186,0.0005146971,0.0011242449,1,0,1,0,1,0
594483692,594383397,2490386,-0.0019473423,0.0027427254,0.0017646593,0.15,2.351438e-07,2.4008474e-07,6.187522e-07,2490386,-0.0019274394,-0.039598126,-0.39378518,0.4,0.00053878076,0.0005363179,0.0005119428,527625,-0.102838606,-0.14201848,-0.080839805,0.5,0.0012135186,0.0005146971,0.0011242449,1,0,1,0,1,0
594613206,594511879,2490386,-0.0019445136,0.002735086,0.0017610637,0.15,2.3513492e-07,2.4043115e-07,6.194928e-07,2490386,-0.0016013433,-0.039697126,-0.3958042,0.4,0.00053801667,0.00053510757,0.000511935,527625,-0.102838606,-0.14201848,-0.080839805,0.5,0.0012135186,0.0005146971,0.0011242449,1,0,1,0,1,0
594809226,594709519,2490386,-0.0019637079,0.0027400688,0.0017592617,0.15,2.358789e-07,2.415022e-07,6.2104556e-07,2490386,-0.0017499892,-0.040334504,-0.39666393,0.4,0.00053731137,0.00053396926,0.00051194837,527625,-0.102838606,-0.14201848,-0.080839805,0.5,0.0012135186,0.0005146971,0.0011242449,1,0,1,0,1,0
594860146,594758929,2490386,-0.0019627851,0.0027321407,0.0017557254,0.15,2.3520055e-07,2.4112174e-07,6.2120694e-07,2490386,-0.001447148,-0.04041142,-0.39799207,0.4,0.0005365744,0.0005328153,0.0005119514,527625,-0.102838606,-0.14201848,-0.080839805,0.5,0.0012135186,0.0005146971,0.0011242449,1,0,1,0,1,0
594980480,594877518,2490386,-0.0019668308,0.0027345275,0.001756024,0.15,2.3525672e-07,2.414452e-07,6.221285e-07,2490386,-0.0014558478,-0.04070656,-0.3995895,0.4,0.00053584314,0.0005316744,0.00051195314,527625,-0.102838606,-0.14201848,-0.080839805,0.5,0.0012135186,0.0005146971,0.0011242449,1,0,1,0,1,0
595106548,595005989,2490386,-0.001973674,0.00273596,0.0017550063,0.15,2.3542222e-07,2.4186107e-07,6.231987e-07,2490386,-0.0014520729,-0.041071746,-0.40097588,0.4,0.00053514395,0.00053056556,0.0005119555,527625,-0.102838606,-0.14201848,-0.080839805,0.5,0.0012135186,0.0005146971,0.0011242449,1,0,1,0,1,0
595264501,595164105,2490386,-0.0019581167,0.002728395,0.0017572097,0.15,2.3584262e-07,2.4251767e-07,6.246052e-07,2490386,-0.0010926201,-0.040984496,-0.40225458,0.4,0.00053442095,0.00052941823,0.0005119599,527625,-0.102838606,-0.14201848,-0.080839805,0.5,0.0012135186,0.0005146971,0.0011242449,1,0,1,0,1,0
595273810,595173987,2490386,-0.0019581176,0.002728396,0.0017572105,0.15,2.3594052e-07,2.4261558e-07,6.247035e-07,2490386,-0.0010926205,-0.040984515,-0.40000018,0.4,0.00053442235,0.00052941963,0.0005119613,527625,-0.102838606,-0.14201848,-0.080839805,0.5,0.0012135186,0.0005146971,0.0011242449,1,0,1,0,1,0
595363418,595262927,2490386,-0.0019523031,0.0027321666,0.0017600823,0.15,2.3573877e-07,2.4262363e-07,6.254593e-07,2490386,-0.0010557487,-0.041282702,-0.40279916,0.4,0.0005337442,0.00052833545,0.00051196263,527625,-0.102838606,-0.14201848,-0.080839805,0.5,0.0012135186,0.0005146971,0.0011242449,1,0,1,0,1,0
595372457,595272809,2490386,-0.001952304,0.0027321677,0.0017600831,0.15,2.3583667e-07,2.4272154e-07,6.2555756e-07,2490386,-0.0010557491,-0.04128272,-0.40000018,0.4,0.0005337456,0.00052833685,0.000511964,527625,-0.102838606,-0.14201848,-0.080839805,0.5,0.0012135186,0.0005146971,0.0011242449,1,0,1,0,1,0
595482122,595381513,2490386,-0.0019586666,0.002727602,0.0017581959,0.15,2.3582139e-07,2.4289398e-07,6.265403e-07,2490386,-0.0008628376,-0.041753143,-0.4017074,0.4,0.00053310866,0.00052729633,0.00051196624,527625,-0.102838606,-0.14201848,-0.080839805,0.5,0.0012135186,0.0005146971,0.0011242449,1,0,1,0,1,0
595491232,595391396,2490386,-0.0019586657,0.0027276005,0.001758195,0.15,2.3591882e-07,2.4299138e-07,6.2663736e-07,2490386,-0.0008628371,-0.04175312,-0.3999998,0.4,0.00053310895,0.0005272966,0.00051196653,527625,-0.102838606,-0.14201848,-0.080839805,0.5,0.0012135186,0.0005146971,0.0011242449,1,0,1,0,1,0
595611213,595509982,2490386,-0.0019596266,0.0027279623,0.0017580525,0.15,2.3597029e-07,2.4320275e-07,6.277372e-07,2490386,-0.0007839637,-0.04215344,-0.40208474,0.4,0.00053246366,0.0005262537,0.00051196903,527625,-0.102838606,-0.14201848,-0.080839805,0.5,0.0012135186,0.0005146971,0.0011242449,1,0,1,0,1,0
595620350,595519864,2490386,-0.0019596273,0.0027279635,0.0017580531,0.15,2.3606812e-07,2.4330058e-07,6.278353e-07,2490386,-0.00078396406,-0.042153455,-0.40000015,0.4,0.0005324649,0.00052625494,0.00051197025,527625,-0.102838606,-0.14201848,-0.080839805,0.5,0.0012135186,0.0005146971,0.0011242449,1,0,1,0,1,0
595740358,595638450,2490386,-0.0019616007,0.0027305319,0.0017573317,0.15,2.3609502e-07,2.4345056e-07,6.289264e-07,2490386,-0.0007692355,-0.042606268,-0.40205613,0.4,0.0005317706,0.000525177,0.0005119721,527625,-0.102838606,-0.14201848,-0.080839805,0.5,0.0012135186,0.0005146971,0.0011242449,1,0,1,0,1,0
595748005,595648332,2490386,-0.0019616014,0.0027305328,0.0017573322,0.15,2.3619288e-07,2.435484e-07,6.290245e-07,2490386,-0.0007692358,-0.042606283,-0.40000018,0.4,0.00053177186,0.0005251783,0.0005119734,527625,-0.102838606,-0.14201848,-0.080839805,0.5,0.0012135186,0.0005146971,0.0011242449,1,0,1,0,1,0
595857724,595757035,2490386,-0.0019568577,0.0027254242,0.0017589768,0.15,2.3611736e-07,2.4356325e-07,6.299891e-07,2490386,-0.0005320034,-0.042945456,-0.40251544,0.4,0.0005310539,0.00052409625,0.00051197567,527625,-0.102838606,-0.14201848,-0.080839805,0.5,0.0012135186,0.0005146971,0.0011242449,1,0,1,0,1,0
595866624,595766917,2490386,-0.0019568584,0.0027254254,0.0017589774,0.15,2.362152e-07,2.436611e-07,6.3008724e-07,2490386,-0.0005320036,-0.04294547,-0.40000015,0.4,0.0005310552,0.00052409753,0.00051197695,527625,-0.102838606,-0.14201848,-0.080839805,0.5,0.0012135186,0.0005146971,0.0011242449,1,0,1,0,1,0
595976019,595875620,2490386,-0.0019645225,0.0027197213,0.0017589247,0.15,2.3610559e-07,2.436138e-07,6.309836e-07,2490386,-0.00033377053,-0.043418337,-0.40153262,0.4,0.000530306,0.00052300445,0.00051197904,527625,-0.102838606,-0.14201848,-0.080839805,0.5,0.0012135186,0.0005146971,0.0011242449,1,0,1,0,1,0
595985370,595885502,2490386,-0.001964523,0.002719722,0.001758925,0.15,2.3620339e-07,2.437116e-07,6.3108166e-07,2490386,-0.0003337706,-0.043418348,-0.4000001,0.4,0.0005303072,0.0005230056,0.0005119802,527625,-0.102838606,-0.14201848,-0.080839805,0.5,0.0012135186,0.0005146971,0.0011242449,1,0,1,0,1,0
596372867,596270901,2490386,-0.0019402322,0.0027121883,0.0017678628,0.15,2.3604787e-07,2.435282e-07,6.3364223e-07,2490386,0.00024149324,-0.04445764,-0.40019166,0.4,0.0005276235,0.0005194475,0.0005119887,527625,-0.102838606,-0.14201848,-0.080839805,0.5,0.0012135186,0.0005146971,0.0011242449,1,0,1,0,1,0
596618511,596517950,2490386,-0.001938996,0.0027125296,0.0017684991,0.15,2.3567839e-07,2.4300672e-07,6.345845e-07,2490386,0.00047348492,-0.045676526,-0.4002646,0.4,0.0005256984,0.0005170487,0.00051199464,527625,-0.102838606,-0.14201848,-0.080839805,0.5,0.0012135186,0.0005146971,0.0011242449,1,0,1,0,1,0
596993628,596893461,2490386,-0.0019163825,0.0027182377,0.0017651812,0.15,2.348185e-07,2.418047e-07,6.348454e-07,2490386,0.0006486571,-0.04693843,-0.40039507,0.4,0.0005227253,0.0005134511,0.0005120047,527625,-0.102838606,-0.14201848,-0.080839805,0.5,0.0012135186,0.0005146971,0.0011242449,1,0,1,0,1,0
598001190,597901400,2490386,-0.002080385,0.0026932308,0.0017904772,0.15,2.2650488e-07,2.3294066e-07,6.0637143e-07,2490386,0.000631848,-0.04701138,-0.39999992,0.4,0.00052272755,0.0005134568,0.00051204517,527625,-0.102838606,-0.14201848,-0.080839805,0.5,0.0012135186,0.0005146971,0.0011242449,1,1,1,0,1,0
599009360,598909337,2490386,-0.0020589118,0.002694452,0.001785353,0.15,2.184328e-07,2.2886509e-07,5.7568104e-07,2490386,0.0005250191,-0.047033172,-0.39999995,0.4,0.00052149536,0.00051229907,0.0005120373,527625,-0.102838606,-0.14201848,-0.080839805,0.5,0.0012135186,0.0005146971,0.0011242449,1,1,1,0,1,0
599286995,599186026,2490386,-0.0019464766,0.0026806388,0.0017927643,0.15,2.1732532e-07,2.2835845e-07,5.764212e-07,2490386,0.0009373668,-0.045849927,-0.4010287,0.4,0.0005205203,0.0005120355,0.0005120355,527625,-0.102838606,-0.14201848,-0.080839805,0.5,0.0012135186,0.0005146971,0.0011242449,1,1,1,0,1,0
599295874,599195908,2490386,-0.0019464759,0.002680638,0.0017927637,0.15,2.1742288e-07,2.2845599e-07,5.765186e-07,2490386,0.00093736657,-0.045849912,-0.3999999,0.4,0.0005205209,0.00051203615,0.00051203615,527625,-0.102838606,-0.14201848,-0.080839805,0.5,0.0012135186,0.0005146971,0.0011242449,1,1,1,0,1,0
599622224,599522004,2490386,-0.0018656993,0.0026669041,0.0017967252,0.15,2.153352e-07,2.2668367e-07,5.78798e-07,2490386,0.001411179,-0.044751,-0.40093687,0.4,0.0005174818,0.00051203714,0.00051203714,527625,-0.102838606,-0.14201848,-0.080839805,0.5,0.0012135186,0.0005146971,0.0011242449,1,1,1,0,1,0
600274680,600174191,2490386,-0.0018922744,0.0026234966,0.0018012094,0.15,2.1295156e-07,2.2494778e-07,5.8412166e-07,2490386,0.0014584217,-0.0457265,-0.39997184,0.4,0.0005168881,0.000512044,0.000512044,527625,-0.102838606,-0.14201848,-0.080839805,0.5,0.0012135186,0.0005146971,0.0011242449,1,1,1,0,1,0
601281596,601182115,2490386,-0.0019559937,0.0026051004,0.0018086971,0.15,2.1225561e-07,2.2609971e-07,5.9086085e-07,2490386,0.0017483777,-0.04634942,-0.39999983,0.4,0.00051598,0.0005120637,0.00051206356,527625,-0.102838606,-0.14201848,-0.080839805,0.5,0.0012135186,0.0005146971,0.0011242449,1,1,1,0,1,0
601855669,601755248,2490386,-0.0019183714,0.002568415,0.0018114428,0.15,2.0884062e-07,2.2326624e-07,5.958373e-07,2490386,0.0028895843,-0.04590809,-0.40005556,0.4,0.0005120511,0.0005120511,0.0005120511,527625,-0.102838606,-0.14201848,-0.080839805,0.5,0.0012135186,0.0005146971,0.0011242449,1,1,1,0,1,0
602271470,602170275,2490386,-0.0019066498,0.0025334167,0.0018051733,0.15,2.0846356e-07,2.2267561e-07,5.996129e-07,2490386,0.0042293156,-0.04568583,-0.39969555,0.4,0.0005120526,0.0005120526,0.0005120526,527625,-0.102838606,-0.14201848,-0.080839805,0.5,0.0012135186,0.0005146971,0.0011242449,1,1,1,0,1,0
602497882,602397551,2490386,-0.001888782,0.0025062137,0.0017988626,0.15,2.0784069e-07,2.2181239e-07,6.015196e-07,2490386,0.005369511,-0.045165475,-0.40018994,0.4,0.0005120535,0.0005120535,0.0005120535,527625,-0.102838606,-0.14201848,-0.080839805,0.5,0.0012135186,0.0005146971,0.0011242449,1,1,1,0,1,0
602745910,602644590,2490386,-0.0019014252,0.0024801635,0.0017886648,0.15,2.0743536e-07,2.2112253e-07,6.0356155e-07,2490386,0.00652134,-0.046106324,-0.4003664,0.4,0.00051205466,0.00051205466,0.00051205466,527625,-0.102838606,-0.14201848,-0.080839805,0.5,0.0012135186,0.0005146971,0.0011242449,1,1,1,0,1,0
602992661,602891628,2490386,-0.0018908149,0.0024534604,0.0017804559,0.15,2.0710516e-07,2.2046123e-07,6.05507e-07,2490386,0.007690754,-0.045823876,-0.39991084,0.4,0.0005120558,0.0005120558,0.0005120558,527625,-0.102838606,-0.14201848,-0.080839805,0.5,0.0012135186,0.0005146971,0.0011242449,1,1,1,0,1,0
603122915,603020088,2490386,-0.001887473,0.002417392,0.0017674513,0.15,2.0699149e-07,2.2018392e-07,6.065508e-07,2490386,0.0093558645,-0.04589741,-0.40112263,0.4,0.000512056,0.000512056,0.000512056,527625,-0.102838606,-0.14201848,-0.080839805,0.5,0.0012135186,0.0005146971,0.0011242449,1,1,1,0,1,0
603129438,603029970,2490386,-0.0018874722,0.002417391,0.0017674505,0.15,2.0708892e-07,2.2028135e-07,6.0664786e-07,2490386,0.00935586,-0.04589739,-0.39999986,0.4,0.0005120564,0.0005120564,0.0005120564,527625,-0.102838606,-0.14201848,-0.080839805,0.5,0.0012135186,0.0005146971,0.0011242449,1,1,1,0,1,0
603268476,603168311,2490386,-0.0019146631,0.0024457718,0.0017803127,0.15,2.0702548e-07,2.200888e-07,6.0784595e-07,2490386,0.008139091,-0.047372922,-0.4010928,0.4,0.0005120562,0.0005120562,0.0005120562,527625,-0.102838606,-0.14201848,-0.080839805,0.5,0.0012135186,0.0005146971,0.0011242449,1,1,1,0,1,0
603278189,603178206,2490386,-0.0019146372,0.0024457388,0.0017802886,0.15,2.0711748e-07,2.2018045e-07,6.0792706e-07,2490386,0.008138981,-0.04737228,-0.39999458,0.4,0.0005120432,0.0005120432,0.0005120432,527625,-0.102838606,-0.14201848,-0.080839805,0.5,0.0012135186,0.0005146971,0.0011242449,1,1,1,0,1,0
603367545,603267127,2490386,-0.0019328762,0.002463285,0.0017924753,0.15,2.0665497e-07,2.1960663e-07,6.085892e-07,2490386,0.0073881014,-0.04836251,-0.4004444,0.4,0.0005120559,0.0005120559,0.0005120559,527625,-0.102838606,-0.14201848,-0.080839805,0.5,0.0012135186,0.0005146971,0.0011242449,1,1,1,0,1,0
603733718,603632744,2490386,-0.0019485052,0.0024806038,0.0018218189,0.15,2.0631917e-07,2.1896467e-07,6.09765e-07,2490386,0.0066876137,-0.049427304,-0.40020815,0.4,0.00051205687,0.00051205687,0.00051205687,527625,-0.102838606,-0.14201848,-0.080839805,0.5,0.0012135186,0.0005146971,0.0011242449,1,1,1,0,1,0
604740491,604640657,2490386,-0.0019120035,0.0023765587,0.0017662732,0.15,2.0627662e-07,2.1724686e-07,6.059937e-07,2490386,0.0070272055,-0.0493603,-0.39999983,0.4,0.00051206275,0.00051206275,0.00051206275,527625,-0.102838606,-0.14201848,-0.080839805,0.5,0.0012135186,0.0005146971,0.0011242449,1,1,1,0,1,0
604988186,604887692,2490386,-0.0019281693,0.0023010315,0.0017278754,0.15,2.0602353e-07,2.1646653e-07,6.067912e-07,2490386,0.0082892645,-0.04971749,-0.4003428,0.4,0.00051206443,0.00051206443,0.00051206443,527625,-0.102838606,-0.14201848,-0.080839805,0.5,0.0012135186,0.0005146971,0.0011242449,1,1,1,0,1,0
605126167,605026031,2490386,-0.0019326801,0.0022399484,0.0017060232,0.15,2.0600135e-07,2.1616403e-07,6.06291e-07,2490386,0.009807551,-0.049849927,-0.40025923,0.4,0.00051206595,0.00051206595,0.00051206595,527625,-0.102838606,-0.14201848,-0.080839805,0.5,0.0012135186,0.0005146971,0.0011242449,1,1,1,0,1,0
605266451,605164371,2490386,-0.001922969,0.0021948272,0.0017059972,0.15,2.0592233e-07,2.1577893e-07,6.0497683e-07,2490386,0.010906564,-0.049599797,-0.40081438,0.4,0.00051206653,0.00051206653,0.00051206653,527625,-0.102838606,-0.14201848,-0.080839805,0.5,0.0012135186,0.0005146971,0.0011242449,1,1,1,0,1,0
605375124,605273066,2490386,-0.0019421177,0.0021647601,0.0016683416,0.15,2.0559683e-07,2.1513871e-07,6.0305126e-07,2490386,0.011661237,-0.050289944,-0.4004559,0.4,0.0005120677,0.0005120677,0.0005120677,527625,-0.102838606,-0.14201848,-0.080839805,0.5,0.0012135186,0.0005146971,0.0011242449,1,1,1,0,1,0
605610476,605510220,2490386,-0.0019369501,0.0021323008,0.0016642216,0.15,2.0522845e-07,2.1411135e-07,5.9915914e-07,2490386,0.012675765,-0.050206095,-0.40052417,0.4,0.00051206874,0.00051206874,0.00051206874,527625,-0.102838606,-0.14201848,-0.080839805,0.5,0.0012135186,0.0005146971,0.0011242449,1,1,1,0,1,0
606124192,606024052,2490386,-0.0019464813,0.0021414403,0.0016508424,0.15,2.048988e-07,2.1243922e-07,5.961182e-07,2490386,0.012049023,-0.050802764,-0.39988324,0.4,0.00051207194,0.00051207194,0.00051207194,527625,-0.102838606,-0.14201848,-0.080839805,0.5,0.0012135186,0.0005146971,0.0011242449,1,1,1,0,1,0
606282701,606182155,2490386,-0.0019585188,0.0021927357,0.0016570722,0.15,2.0502e-07,2.1227875e-07,5.97409e-07,2490386,0.009986451,-0.05137638,-0.39998466,0.4,0.0005120714,0.0005120714,0.0005120714,527625,-0.102838606,-0.14201848,-0.080839805,0.5,0.0012135186,0.0005146971,0.0011242449,1,1,1,0,1,0
606500352,606399545,2490386,-0.001970554,0.0022263417,0.001666616,0.15,2.0444074e-07,2.1122483e-07,5.992435e-07,2490386,0.008517162,-0.052039303,-0.40054938,0.4,0.0005120724,0.0005120724,0.0005120724,527625,-0.102838606,-0.14201848,-0.080839805,0.5,0.0012135186,0.0005146971,0.0011242449,1,1,1,0,1,0
606618749,606518123,2490386,-0.0019483157,0.0022181075,0.0016556891,0.15,2.0425702e-07,2.1082293e-07,6.0003657e-07,2490386,0.008726541,-0.05096442,-0.40040678,0.4,0.0005120714,0.0005120714,0.0005120714,527625,-0.102838606,-0.14201848,-0.080839805,0.5,0.0012135186,0.0005146971,0.0011242449,1,1,1,0,1,0
606738401,606636699,2490386,-0.001962549,0.0022321744,0.0016690906,0.15,2.0407948e-07,2.1043255e-07,6.006118e-07,2490386,0.008119644,-0.051713422,-0.39993766,0.4,0.0005120724,0.0005120724,0.0005120724,527625,-0.102838606,-0.14201848,-0.080839805,0.5,0.0012135186,0.0005146971,0.0011242449,1,1,1,0,1,0
606867235,606765158,2490386,-0.0019360619,0.0022295357,0.0016541985,0.15,2.0399047e-07,2.1012046e-07,6.0130685e-07,2490386,0.008081574,-0.0504404,-0.4003279,0.4,0.000512072,0.000512072,0.000512072,527625,-0.102838606,-0.14201848,-0.080839805,0.5,0.0012135186,0.0005146971,0.0011242449,1,1,1,0,1,0
607122520,607022073,2490386,-0.0019344366,0.0022004072,0.0016485696,0.15,2.039167e-07,2.0957957e-07,6.033107e-07,2490386,0.009225519,-0.05039147,-0.3997288,0.4,0.0005120735,0.0005120735,0.0005120735,527625,-0.102838606,-0.14201848,-0.080839805,0.5,0.0012135186,0.0005146971,0.0011242449,1,0,1,0,1,0
607280525,607180174,2490386,-0.0019263942,0.0021519908,0.001638263,0.15,2.0418952e-07,2.0958714e-07,6.047355e-07,2490386,0.011279586,-0.050010465,-0.400122,0.4,0.0005120751,0.0005120751,0.0005120751,527625,-0.102838606,-0.14201848,-0.080839805,0.5,0.0012135186,0.0005146971,0.0011242449,1,0,1,0,1,0
607369512,607269106,2490386,-0.0019148784,0.0021163982,0.001635141,0.15,2.0389992e-07,2.0904251e-07,6.0533284e-07,2490386,0.012769434,-0.049458776,-0.39969668,0.4,0.0005120754,0.0005120754,0.0005120754,527625,-0.102838606,-0.14201848,-0.080839805,0.5,0.0012135186,0.0005146971,0.0011242449,1,0,1,0,1,0
607489333,607387681,2490386,-0.0019070796,0.0020873533,0.0016338332,0.15,2.0396685e-07,2.0885358e-07,6.059553e-07,2490386,0.014000736,-0.049110495,-0.39992848,0.4,0.00051207695,0.00051207695,0.00051207695,527625,-0.102838606,-0.14201848,-0.080839805,0.5,0.0012135186,0.0005146971,0.0011242449,1,0,1,0,1,0
607619341,607516140,2490386,-0.0019169762,0.0020647005,0.0016201164,0.15,2.0420165e-07,2.0883486e-07,6.064367e-07,2490386,0.014934877,-0.04966166,-0.39914933,0.4,0.00051207567,0.00051207567,0.00051207567,527625,-0.102838606,-0.14201848,-0.080839805,0.5,0.0012135186,0.0005146971,0.0011242449,1,0,1,0,1,0
607735094,607634714,2490386,-0.0019189471,0.002050563,0.0016143841,0.15,2.0440922e-07,2.0879156e-07,6.066165e-07,2490386,0.015522351,-0.04979305,-0.3981239,0.4,0.0005120782,0.0005120782,0.0005120782,527625,-0.102838606,-0.14201848,-0.080839805,0.5,0.0012135186,0.0005146971,0.0011242449,1,0,1,0,1,0
607863690,607763172,2490386,-0.0019076739,0.0020370013,0.0016227902,0.15,2.0476604e-07,2.0890016e-07,6.067506e-07,2490386,0.016162576,-0.04921517,-0.3975671,0.4,0.00051207776,0.00051207776,0.00051207776,527625,-0.102838606,-0.14201848,-0.080839805,0.5,0.0012135186,0.0005146971,0.0011242449,1,0,1,0,1,0
607991975,607891629,2490386,-0.0019176267,0.0020189034,0.0016056367,0.15,2.0511986e-07,2.0899968e-07,6.067186e-07,2490386,0.016907647,-0.049791124,-0.39709207,0.4,0.0005120787,0.0005120787,0.0005120787,527625,-0.102838606,-0.14201848,-0.080839805,0.5,0.0012135186,0.0005146971,0.0011242449,1,0,1,0,1,0
608300331,608197952,2490386,-0.0019102618,0.0020018236,0.0016086986,0.15,2.0619403e-07,2.095349e-07,6.0696385e-07,2490386,0.017669192,-0.049479846,-0.39789706,0.4,0.00051207806,0.00051207806,0.00051207806,527625,-0.102838606,-0.14201848,-0.080839805,0.5,0.0012135186,0.0005146971,0.0011242449,1,0,1,0,1,0
608505680,608405461,2490386,-0.0019029217,0.0019896969,0.0016120027,0.15,2.0633726e-07,2.0915866e-07,6.066508e-07,2490386,0.018203711,-0.04921128,-0.39956024,0.4,0.0005120777,0.0005120777,0.0005120777,527625,-0.102838606,-0.14201848,-0.080839805,0.5,0.0012135186,0.0005146971,0.0011242449,1,0,1,0,1,0
609493963,609393599,2490386,-0.0019077107,0.001999344,0.0016127758,0.15,2.0783877e-07,2.0906677e-07,6.1354507e-07,2490386,0.017808747,-0.049267136,-0.3979971,0.4,0.00051207683,0.00051207683,0.00051207683,527625,-0.102838606,-0.14201848,-0.080839805,0.5,0.0012135186,0.0005146971,0.0011242449,1,0,1,0,1,0
609742704,609640634,2490386,-0.0019096194,0.0019857937,0.0016122514,0.15,2.080909e-07,2.0905325e-07,6.1585365e-07,2490386,0.018144984,-0.04928277,-0.39692798,0.4,0.0005120759,0.0005120759,0.0005120759,527625,-0.102838606,-0.14201848,-0.080839805,0.5,0.0012135186,0.0005146971,0.0011242449,1,0,1,0,1,0
610284247,610184112,2490386,-0.0019603402,0.0020328672,0.0016430307,0.15,2.0842354e-07,2.0937811e-07,6.161642e-07,2490386,0.017246462,-0.05028055,-0.39690316,0.4,0.00051207334,0.00051207334,0.00051207334,527625,-0.102838606,-0.14201848,-0.080839805,0.5,0.0012135186,0.0005146971,0.0011242449,1,0,1,0,1,0
610373756,610273044,2490386,-0.0019740467,0.0020372428,0.0016635098,0.15,2.0795812e-07,2.0898767e-07,6.136918e-07,2490386,0.017220624,-0.05046186,-0.394173,0.4,0.00051207386,0.00051207386,0.00051207386,527625,-0.102838606,-0.14201848,-0.080839805,0.5,0.0012135186,0.0005146971,0.0011242449,1,0,1,0,1,0
610976179,610875811,2490386,-0.0019256261,0.001990176,0.0016129353,0.15,2.0703142e-07,2.0799143e-07,6.114488e-07,2490386,0.018049449,-0.049995497,-0.39369738,0.4,0.0005120728,0.0005120728,0.0005120728,527625,-0.102838606,-0.14201848,-0.080839805,0.5,0.0012135186,0.0005146971,0.0011242449,1,0,1,0,1,0
611274378,611172255,2490386,-0.0019095122,0.0019288232,0.0016098318,0.15,2.0695688e-07,2.0767321e-07,6.141371e-07,2490386,0.0197268,-0.049517065,-0.39344463,0.4,0.00051207154,0.00051207154,0.00051207154,527625,-0.102838606,-0.14201848,-0.080839805,0.5,0.0012135186,0.0005146971,0.0011242449,1,0,1,0,1,0
611500101,611399529,2490386,-0.0019165521,0.0019061796,0.0016009354,0.15,2.0617999e-07,2.0660335e-07,6.154824e-07,2490386,0.020538092,-0.049729295,-0.39271912,0.4,0.00051207107,0.00051207107,0.00051207107,527625,-0.102838606,-0.14201848,-0.080839805,0.5,0.0012135186,0.0005146971,0.0011242449,1,0,1,0,1,0
611746783,611646566,2490386,-0.0019095964,0.0018982029,0.0016042286,0.15,2.0559291e-07,2.0568771e-07,6.163753e-07,2490386,0.021002157,-0.049369734,-0.39115724,0.4,0.0005120704,0.0005120704,0.0005120704,527625,-0.102838606,-0.14201848,-0.080839805,0.5,0.0012135186,0.0005146971,0.0011242449,1,0,1,0,1,0
611875902,611775025,2490386,-0.0018936493,0.0018833517,0.0016127393,0.15,2.0533257e-07,2.0525322e-07,6.167364e-07,2490386,0.021659765,-0.04868934,-0.390485,0.4,0.0005120704,0.0005120704,0.0005120704,527625,-0.102838606,-0.14201848,-0.080839805,0.5,0.0012135186,0.0005146971,0.0011242449,1,0,1,0,1,0
612112462,612012181,2490386,-0.0018881308,0.0018707584,0.0016138128,0.15,2.047005e-07,2.0428523e-07,6.1741093e-07,2490386,0.022336544,-0.048363395,-0.388754,0.4,0.0005120693,0.0005120693,0.0005120693,527625,-0.102838606,-0.14201848,-0.080839805,0.5,0.0012135186,0.0005146971,0.0011242449,1,0,1,0,1,0
612290352,612190049,2490386,-0.0018715439,0.0018687994,0.0016234163,0.15,2.0486365e-07,2.0428416e-07,6.185616e-07,2490386,0.02248325,-0.047588095,-0.3879114,0.4,0.0005120674,0.0005120674,0.0005120674,527625,-0.102838606,-0.14201848,-0.080839805,0.5,0.0012135186,0.0005146971,0.0011242449,1,0,1,0,1,0
612369669,612269101,2490386,-0.0018897272,0.0018806927,0.0016167503,0.15,2.04193e-07,2.0346857e-07,6.18868e-07,2490386,0.022045502,-0.04833402,-0.38643268,0.4,0.0005120671,0.0005120671,0.0005120671,527625,-0.102838606,-0.14201848,-0.080839805,0.5,0.0012135186,0.0005146971,0.0011242449,1,0,1,0,1,0
612497917,612397561,2490386,-0.001868967,0.0018822177,0.0016270294,0.15,2.0401909e-07,2.0315805e-07,6.197487e-07,2490386,0.02203693,-0.04734721,-0.3854445,0.4,0.000512066,0.000512066,0.000512066,527625,-0.102838606,-0.14201848,-0.080839805,0.5,0.0012135186,0.0005146971,0.0011242449,1,0,1,0,1,0
612607238,612506257,2490386,-0.0018582839,0.0018700218,0.001628447,0.15,2.0370172e-07,2.027162e-07,6.2051475e-07,2490386,0.02263022,-0.046802595,-0.38387743,0.4,0.0005120661,0.0005120661,0.0005120661,527625,-0.102838606,-0.14201848,-0.080839805,0.5,0.0012135186,0.0005146971,0.0011242449,1,0,1,0,1,0
612746421,612644599,2490386,-0.0018343073,0.00186928,0.0016363427,0.15,2.0365465e-07,2.0255254e-07,6.216351e-07,2490386,0.022695044,-0.04566914,-0.3829989,0.4,0.0005120646,0.0005120646,0.0005120646,527625,-0.102838606,-0.14201848,-0.080839805,0.5,0.0012135186,0.0005146971,0.0011242449,1,0,1,0,1,0
612873577,612773059,2490386,-0.0018339445,0.0018616479,0.0016346709,0.15,2.0352738e-07,2.0231826e-07,6.2270317e-07,2490386,0.023069618,-0.04560686,-0.38160205,0.4,0.00051206385,0.00051206385,0.00051206385,527625,-0.102838606,-0.14201848,-0.080839805,0.5,0.0012135186,0.0005146971,0.0011242449,1,0,1,0,1,0
612992452,612891637,2490386,-0.0018269606,0.0018665701,0.0016377209,0.15,2.0333556e-07,2.0203035e-07,6.237124e-07,2490386,0.022875307,-0.045245863,-0.380431,0.4,0.00051206374,0.00051206374,0.00051206374,527625,-0.102838606,-0.14201848,-0.080839805,0.5,0.0012135186,0.0005146971,0.0011242449,1,0,1,0,1,0
613110735,613010216,2490386,-0.0018376169,0.0018606479,0.0016345271,0.15,2.0318556e-07,2.017938e-07,6.247452e-07,2490386,0.02317964,-0.045678113,-0.37819946,0.4,0.00051206275,0.00051206275,0.00051206275,527625,-0.102838606,-0.14201848,-0.080839805,0.5,0.0012135186,0.0005146971,0.0011242449,1,0,1,0,1,0
613288253,613188084,2490386,-0.0018281343,0.0018556201,0.0016348341,0.15,2.0354351e-07,2.0206967e-07,6.263822e-07,2490386,0.023432322,-0.04517415,-0.37616456,0.4,0.0005120623,0.0005120623,0.0005120623,527625,-0.102838606,-0.14201848,-0.080839805,0.5,0.0012135186,0.0005146971,0.0011242449,1,0,1,0,1,0
613368412,613267154,2490386,-0.0018277303,0.0018556623,0.0016350877,0.15,2.0304157e-07,2.0149923e-07,6.270449e-07,2490386,0.023452034,-0.045092396,-0.3740658,0.4,0.0005120439,0.0005120439,0.0005120439,527625,-0.102838606,-0.14201848,-0.080839805,0.5,0.0012135186,0.0005146971,0.0011242449,1,0,1,0,1,0
613497749,613395599,2490386,-0.0018419172,0.0018603909,0.0016356218,0.15,2.0305741e-07,2.0145484e-07,6.282544e-07,2490386,0.023262251,-0.045661785,-0.37107533,0.4,0.0005120596,0.0005120596,0.0005120596,527625,-0.102838606,-0.14201848,-0.080839805,0.5,0.0012135186,0.0005146971,0.0011242449,1,0,1,0,1,0
613614912,613514179,2490386,-0.0018198647,0.0018612555,0.0016364724,0.15,2.030031e-07,2.013498e-07,6.293663e-07,2490386,0.023241732,-0.04457829,-0.36873448,0.4,0.00051205803,0.00051205803,0.00051205803,527625,-0.102838606,-0.14201848,-0.080839805,0.5,0.0012135186,0.0005146971,0.0011242449,1,0,1,0,1,0
613742831,613642639,2490386,-0.0018564815,0.0018607044,0.0016379278,0.15,2.0304195e-07,2.0134887e-07,6.305943e-07,2490386,0.023275504,-0.046135817,-0.36576125,0.4,0.0005120582,0.0005120582,0.0005120582,527625,-0.102838606,-0.14201848,-0.080839805,0.5,0.0012135186,0.0005146971,0.0011242449,1,0,1,0,1,0
613861875,613761226,2490386,-0.0018155301,0.0018648184,0.0016350589,0.15,2.030076e-07,2.0128324e-07,6.317177e-07,2490386,0.023117492,-0.044281207,-0.3646403,0.4,0.0005120494,0.0005120494,0.0005120494,527625,-0.102838606,-0.14201848,-0.080839805,0.5,0.0012135186,0.0005146971,0.0011242449,1,0,1,0,1,0
613989791,613889689,2490386,-0.0018462021,0.0018554804,0.0016371029,0.15,2.0309479e-07,2.0134408e-07,6.329435e-07,2490386,0.023511153,-0.04555492,-0.36151564,0.4,0.00051204674,0.00051204674,0.00051204674,527625,-0.102838606,-0.14201848,-0.080839805,0.5,0.0012135186,0.0005146971,0.0011242449,1,0,1,0,1,0
614109215,614008258,2490386,-0.001841563,0.0018639308,0.0016373639,0.15,2.0311701e-07,2.0134551e-07,6.340827e-07,2490386,0.023150314,-0.045262683,-0.35855338,0.4,0.00051205704,0.00051205704,0.00051205704,527625,-0.102838606,-0.14201848,-0.080839805,0.5,0.0012135186,0.0005146971,0.0011242449,1,0,1,0,1,0
614268407,614166364,2490386,-0.0018322496,0.0018394134,0.0016333639,0.15,2.0347113e-07,2.0168557e-07,6.3559094e-07,2490386,0.024171837,-0.04481575,-0.35547554,0.4,0.0005120557,0.0005120557,0.0005120557,527625,-0.102838606,-0.14201848,-0.080839805,0.5,0.0012135186,0.0005146971,0.0011242449,1,0,1,0,1,0
614365796,614265180,2490386,-0.0018376618,0.0018494432,0.0016350969,0.15,2.032975e-07,2.0150463e-07,6.365022e-07,2490386,0.023750614,-0.044952497,-0.35270372,0.4,0.0005120552,0.0005120552,0.0005120552,527625,-0.102838606,-0.14201848,-0.080839805,0.5,0.0012135186,0.0005146971,0.0011242449,1,0,1,0,1,0
614493894,614393641,2490386,-0.0018305281,0.0018397276,0.0016325893,0.15,2.0341886e-07,2.0162425e-07,6.376968e-07,2490386,0.024137482,-0.044622935,-0.35058656,0.4,0.00051205436,0.00051205436,0.00051205436,527625,-0.102838606,-0.14201848,-0.080839805,0.5,0.0012135186,0.0005146971,0.0011242449,1,0,1,0,1,0
614622798,614522102,2490386,-0.0018404578,0.0018409261,0.0016349619,0.15,2.0354405e-07,2.0175302e-07,6.3888115e-07,2490386,0.02406852,-0.04493381,-0.34781247,0.4,0.00051205396,0.00051205396,0.00051205396,527625,-0.102838606,-0.14201848,-0.080839805,0.5,0.0012135186,0.0005146971,0.0011242449,1,0,1,0,1,0
614740860,614640681,2490386,-0.0018353745,0.0018382325,0.0016333037,0.15,2.0359022e-07,2.018053e-07,6.3997174e-07,2490386,0.024156291,-0.044673197,-0.34499097,0.4,0.00051205384,0.00051205384,0.00051205384,527625,-0.102838606,-0.14201848,-0.080839805,0.5,0.0012135186,0.0005146971,0.0011242449,1,0,1,0,1,0
614870909,614769142,2490386,-0.0018289044,0.0018290512,0.0016316506,0.15,2.0373291e-07,2.019568e-07,6.411576e-07,2490386,0.024488943,-0.044406112,-0.34318385,0.4,0.0005120538,0.0005120538,0.0005120538,527625,-0.102838606,-0.14201848,-0.080839805,0.5,0.0012135186,0.0005146971,0.0011242449,1,0,1,0,1,0
614989567,614887721,2490386,-0.0018446313,0.0018314628,0.0016352904,0.15,2.0380907e-07,2.0204124e-07,6.422579e-07,2490386,0.024345277,-0.044873774,-0.33943716,0.4,0.00051205384,0.00051205384,0.00051205384,527625,-0.102838606,-0.14201848,-0.080839805,0.5,0.0012135186,0.0005146971,0.0011242449,1,0,1,0,1,0
615116526,615016181,2490386,-0.0018508831,0.0018369153,0.0016364547,0.15,2.0397403e-07,2.0221664e-07,6.4344965e-07,2490386,0.02413812,-0.045039795,-0.33775482,0.4,0.0005120547,0.0005120547,0.0005120547,527625,-0.102838606,-0.14201848,-0.080839805,0.5,0.0012135186,0.0005146971,0.0011242449,1,0,1,0,1,0
615285345,615184168,2490386,-0.0018513161,0.0018356339,0.0016363543,0.15,2.0446133e-07,2.0271393e-07,6.450512e-07,2490386,0.024148049,-0.044988167,-0.33477378,0.4,0.00051205483,0.00051205483,0.00051205483,527625,-0.102838606,-0.14201848,-0.080839805,0.5,0.0012135186,0.0005146971,0.0011242449,1,0,1,0,1,0
615363886,615263228,2490386,-0.0018639368,0.0018236547,0.0016392764,0.15,2.0415996e-07,2.0242055e-07,6.457812e-07,2490386,0.024474839,-0.045346964,-0.3321355,0.4,0.00051204715,0.00051204715,0.00051204715,527625,-0.102838606,-0.14201848,-0.080839805,0.5,0.0012135186,0.0005146971,0.0011242449,1,0,1,0,1,0
615481989,615381800,2490386,-0.0018556557,0.0018257047,0.0016370758,0.15,2.0425901e-07,2.0252993e-07,6.469091e-07,2490386,0.024401749,-0.04504767,-0.3298438,0.4,0.00051205454,0.00051205454,0.00051205454,527625,-0.102838606,-0.14201848,-0.080839805,0.5,0.0012135186,0.0005146971,0.0011242449,1,0,1,0,1,0
615612843,615510260,2490386,-0.0018623495,0.0018233419,0.0016384592,0.15,2.0443078e-07,2.0271432e-07,6.4812286e-07,2490386,0.024428068,-0.045187514,-0.32723275,0.4,0.00051205535,0.00051205535,0.00051205535,527625,-0.102838606,-0.14201848,-0.080839805,0.5,0.0012135186,0.0005146971,0.0011242449,1,0,1,0,1,0
615740831,615638721,2490386,-0.0018693238,0.0018232894,0.0016398038,0.15,2.0459483e-07,2.0289329e-07,6.493295e-07,2490386,0.024393804,-0.045336947,-0.32503238,0.4,0.0005120547,0.0005120547,0.0005120547,527625,-0.102838606,-0.14201848,-0.080839805,0.5,0.0012135186,0.0005146971,0.0011242449,1,0,1,0,1,0
615857482,615757301,2490386,-0.0018763981,0.0018247853,0.0016410691,0.15,2.0466902e-07,2.0298519e-07,6.504319e-07,2490386,0.02431715,-0.04547517,-0.3226893,0.4,0.0005120538,0.0005120538,0.0005120538,527625,-0.102838606,-0.14201848,-0.080839805,0.5,0.0012135186,0.0005146971,0.0011242449,1,0,1,0,1,0
615986052,615885761,2490386,-0.001882495,0.0018231834,0.0016424102,0.15,2.0481635e-07,2.0315237e-07,6.516344e-07,2490386,0.024328645,-0.045595724,-0.32095718,0.4,0.00051205413,0.00051205413,0.00051205413,527625,-0.102838606,-0.14201848,-0.080839805,0.5,0.0012135186,0.0005146971,0.0011242449,1,0,1,0,1,0
616747689,616646644,2490386,-0.0018912674,0.0018051392,0.0016463349,0.15,2.0373862e-07,2.0222929e-07,6.58718e-07,2490386,0.024418147,-0.04565258,-0.31990516,0.4,0.00051205425,0.00051205425,0.00051205425,527625,-0.102838606,-0.14201848,-0.080839805,0.5,0.0012135186,0.0005146971,0.0011242449,1,0,1,0,1,0
616984081,616883802,2490386,-0.0018950476,0.0017911204,0.0016483336,0.15,2.0302055e-07,2.0155906e-07,6.609448e-07,2490386,0.024775872,-0.045710158,-0.31893495,0.4,0.0005120544,0.0005120544,0.0005120544,527625,-0.102838606,-0.14201848,-0.080839805,0.5,0.0012135186,0.0005146971,0.0011242449,1,0,1,0,1,0
617290470,617190133,2490386,-0.0018969667,0.001783668,0.0016491391,0.15,2.0275829e-07,2.0134185e-07,6.6385763e-07,2490386,0.025046501,-0.04572273,-0.31749338,0.4,0.00051205297,0.00051205297,0.00051205297,527625,-0.102838606,-0.14201848,-0.080839805,0.5,0.0012135186,0.0005146971,0.0011242449,1,0,1,0,1,0
617488129,617387767,2490386,-0.0018965778,0.0017748035,0.0016496651,0.15,2.015943e-07,2.00215e-07,6.657105e-07,2490386,0.02542513,-0.045652322,-0.31578678,0.4,0.0005120513,0.0005120513,0.0005120513,527625,-0.102838606,-0.14201848,-0.080839805,0.5,0.0012135186,0.0005146971,0.0011242449,1,0,1,0,1,0
